Workbook

Sheet рабочая 2023 г
A1: FieldName | B1: flNumOnSchema | D1: flSubjectName | E1: flSubjectXin | F1: flSubjectType | G1: flSubjectCountry | H1: flSubjectSex | I1: flSujectSelPrizn | J1: flLandUseType | K1: flLandCadNumber | L1: flLandCategoryL0 | M1: flLandCategoryL1 | N1: flLandUseMode | P1: flLandNasPrizn | Q1: flLandOoptPrizn | R1: flLandUserObl | S1: flLandUserRegion | T1: flLandUserSelO | U1: flLandObl | V1: flLandRegion | W1: flLandSelO | X1: flLandAdr | Y1: flLandUserCount | AF1: flLandTotalArea | AG1: flLandPashni | AH1: flLandMnTotal | AI1: flLandMnSad | AJ1: flLandMnVin | AK1: flLandZal | AL1: flLandSenTotal | AM1: flLandSenUl | AN1: flLandSenPoj | AO1: flLandPasTotal | AP1: flLandPasUl | AQ1: flLandPasObv | AR1: flLandPasZhiv | AS1: flLandSHTotal | AT1: flLandMel | AU1: flLandLesTotal | AV1: flLandLesLes | AW1: flLandLesNotLes | AX1: flLandLesPit | AY1: flLandDknTotal | AZ1: flLandDknZash | BA1: flLandBol | BB1: flLandVodTotal | BC1: flLandVodRek | BD1: flLandVodOz | BE1: flLandVodOzPres | BF1: flLandVodIsk | BG1: flLandKan | BH1: flLandPlosh | BI1: flLandPark | BJ1: flLandPostr | BK1: flLandNar | BL1: flLandProTotal | BM1: flLandProPesk | BN1: flLandProOvr | BO1: flLandProLed | BP1: flLandProDr | BQ1: flLandProTotalAll | BR1: flLandRTotal | BS1: flLandRDrenTotal | BT1: flLandRPashTotal | BU1: flLandRPashDren | BV1: flLandRMnTotal | BW1: flLandRMnDren | BX1: flLandRMnSad | BY1: flLandRMnVin | BZ1: flLandRZalTotal | CA1: flLandRZalDren | CB1: flLandRSenTotal | CC1: flLandRSenDren | CD1: flLandRSenUl | CE1: flLandRPasTotal | CF1: flLandRPasDren | CG1: flLandRPasUl | CH1: flLandRSHTotal | CI1: flLandRSHDren | CJ1: flLandRPro | CK1: flLandPPosOsPrevTotal | CL1: flLandPPosOsPrevMt | CM1: flLandPPosVesCurTotal | CN1: flLandPPosVesCurMt | CO1: flLandPMtPrev | CP1: flLandPPosPrev | CQ1: flLandPPar | CR1: flLandPPosOsCurTotal | CS1: flLandPPosOsCurMtTotal | CT1: flLandPPosOsCurMtPar | CU1: flLandPPosOsCurMtSter | CV1: flLandPPosOsCurMtZal | CW1: flLandPZabTotal | CX1: flLandPZabSter | CY1: flLandPZabMt | CZ1: flLandPZabZel | DA1: flLandPZabZal | DB1: flLandPPashTotal | DC1: flLandPPashMt | DD1: flLandPZalOdn | DE1: flLandPZalSv1 | DF1: flLandPZalTotal | DG1: flLandPPahTotal | DH1: flLandPPahMt
A2: FieldType | B2: nvarchar(2) | D2: nvarchar(2000) | E2: char(12) | F2: char(8) | G2: char(8) | H2: char(8) | I2: char(8) | J2: char(8) | K2: nchar(25) | L2: char(8) | M2: char(8) | N2: char(8) | P2: char(8) | Q2: char(8) | R2: char(12) | S2: char(12) | T2: char(12) | U2: char(12) | V2: char(12) | W2: char(12) | X2: nvarchar(1000) | Y2: int | AF2: decimal(18,5) | AG2: decimal(18,5) | AH2: decimal(18,5) | AI2: decimal(18,5) | AJ2: decimal(18,5) | AK2: decimal(18,5) | AL2: decimal(18,5) | AM2: decimal(18,5) | AN2: decimal(18,5) | AO2: decimal(18,5) | AP2: decimal(18,5) | AQ2: decimal(18,5) | AR2: decimal(18,5) | AS2: decimal(18,5) | AT2: decimal(18,5) | AU2: decimal(18,5) | AV2: decimal(18,5) | AW2: decimal(18,5) | AX2: decimal(18,5) | AY2: decimal(18,5) | AZ2: decimal(18,5) | BA2: decimal(18,5) | BB2: decimal(18,5) | BC2: decimal(18,5) | BD2: decimal(18,5) | BE2: decimal(18,5) | BF2: decimal(18,5) | BG2: decimal(18,5) | BH2: decimal(18,5) | BI2: decimal(18,5) | BJ2: decimal(18,5) | BK2: decimal(18,5) | BL2: decimal(18,5) | BM2: decimal(18,5) | BN2: decimal(18,5) | BO2: decimal(18,5) | BP2: decimal(18,5) | BQ2: decimal(18,5) | BR2: decimal(18,5) | BS2: decimal(18,5) | BT2: decimal(18,5) | BU2: decimal(18,5) | BV2: decimal(18,5) | BW2: decimal(18,5) | BX2: decimal(18,5) | BY2: decimal(18,5) | BZ2: decimal(18,5) | CA2: decimal(18,5) | CB2: decimal(18,5) | CC2: decimal(18,5) | CD2: decimal(18,5) | CE2: decimal(18,5) | CF2: decimal(18,5) | CG2: decimal(18,5) | CH2: decimal(18,5) | CI2: decimal(18,5) | CJ2: decimal(18,5) | CK2: decimal(18,5) | CL2: decimal(18,5) | CM2: decimal(18,5) | CN2: decimal(18,5) | CO2: decimal(18,5) | CP2: decimal(18,5) | CQ2: decimal(18,5) | CR2: decimal(18,5) | CS2: decimal(18,5) | CT2: decimal(18,5) | CU2: decimal(18,5) | CV2: decimal(18,5) | CW2: decimal(18,5) | CX2: decimal(18,5) | CY2: decimal(18,5) | CZ2: decimal(18,5) | DA2: decimal(18,5) | DB2: decimal(18,5) | DC2: decimal(18,5) | DD2: decimal(18,5) | DE2: decimal(18,5) | DF2: decimal(18,5) | DG2: decimal(18,5) | DH2: decimal(18,5)
A3: FieldReference | F3: RefZbSubjectType | G3: RefZbSubjectCountry | H3: RefZbSubjectSex | I3: RefZbSubjectSelPrizn | J3: RefZbLandUseType | L3: RefZbLandCategory | M3: RefZbLandCategory | N3: RefZbLandUseMode | P3: RefZbLandNasPrizn | Q3: RefZbLandOoptPrizn | R3: RefZbLandUserAddress | S3: RefZbLandUserAddress | T3: RefZbLandUserAddress | U3: RefZbLandAddress | V3: RefZbLandAddress | W3: RefZbLandAddress
A4: FieldReferenceLevel | L4: 0 | M4: 1 | R4: 0 | S4: 1 | T4: 2 | U4: 0 | V4: 1 | W4: 2
A5: FieldRegex | E5: ^\d{12}$ | K5: ^\d{2}\-\d{3}\-\d{3}(\-\d{3,4})*$
A6: FieldRequired | D6: 1 | F6: 1 | G6: 1 | H6: 1 | I6: 1 | J6: 1 | L6: 1 | M6: 1 | N6: 1 | P6: 1 | Q6: 1 | R6: 1 | S6: 1 | T6: 1 | U6: 1 | V6: 1 | W6: 1 | Y6: 1
A7: FieldLogicErrMsg | Y7: Количество землепользователей должно быть не менее одного | AL7: "Всего" не может быть меньше "в т.ч." | AO7: "Всего" не может быть меньше "в т.ч." | BD7: "Всего" не может быть меньше "в т.ч." | BT7: "Всего" не может быть меньше "в т.ч." | BV7: "Всего" не может быть меньше "в т.ч." | BZ7: "Всего" не может быть меньше "в т.ч." | CB7: "Всего" не может быть меньше "в т.ч." | CE7: "Всего" не может быть меньше "в т.ч." | CK7: "Всего" не может быть меньше "в т.ч." | CM7: "Всего" не может быть меньше "в т.ч." | CR7: "Всего" не может быть меньше "в т.ч." | DB7: "Всего" не может быть меньше "в т.ч." | DG7: "Всего" не может быть меньше "в т.ч."
A8: FieldLogic | Y8: =#REF!>=1 -> #REF! | AL8: =#REF!>=#REF!+#REF! -> #REF! | AO8: =#REF!>=#REF!+#REF!+#REF! -> #REF! | BD8: =#REF!>=#REF! -> #REF! | BT8: =#REF!>=#REF! -> #REF! | BV8: =AND(#REF!>=#REF!,#REF!>=#REF!+#REF!) -> #REF! | BZ8: =#REF!>=#REF! -> #REF! | CB8: =AND(#REF!>=#REF!,#REF!>=#REF!) -> #REF! | CE8: =AND(#REF!>=#REF!,#REF!>=#REF!) -> #REF! | CK8: =#REF!>=#REF! -> #REF! | CM8: =#REF!>=#REF! -> #REF! | CR8: =#REF!>=#REF! -> #REF! | DB8: =#REF!>=#REF! -> #REF! | DG8: =#REF!>=#REF! -> #REF!
A9: FieldFixedCol | D9: 1
A10: FieldTextStart | D10: Жер туралы ақпараттар Сведения об участке | AF10: Жердің сандық көрсеткіштері Численные показатели участка | BR10: Суармалы жерлер Регулярное орошение земель | CK10: Егістік және тыңайған, нақтысы Пашни и залежи, детализация | DI10: Шабындықтар мен жайылымдарды түбегейлі жақсарту жерлерін пайдалану Использование земель коренного улучшения сенокосов и пастбищ
B11: № | C11: Санаттардың атаулары Наименование категории | D11: Жер учаскелерінің меншік иелері мен жер пайдаланушылардың атауы (Аты-жөні ұйымның атауы) Наименование собственников земельных участков и землепользователей (ФИО Наименование организации) | E11: Жер пайдаланушының, иеленушінің ЖСН,БСН ИИН,БИН собственника, землепользователя | F11: Субъект түрі Вид субъекта | G11: Шетелдік иеленуші жер пайдаланушы (шетелдік субъектілерді есепке алу үшін) Страна собственника землепользователя (для учета иностранных субъектов) | H11: Жер пайдаланушының иеленушінің жынысы Пол собственника, землепользователя | I11: Меншік иесінің, жер пайдаланушының белгісі (Ауылдық, Қалалық) Признак собственника, землепользователя (Сельский, Городской) | J11: Пайдалану түрі Вид пользования | K11: Кадастрлық нөмері Кадастровый номер | L11: Жер санаты Категория земель | P11: Елді мекен белгісі Признак населенного пункта | Q11: Ерекше қорғалатын табиғи аумақ белгісі Признак особо охраняемой территории | R11: Жер пайдаланушының орналасқан орны(жалға алу, облыстар) Месторасположение землепользователя (аренды областей) | U11: Жер учаскесінің орналасқан жері Месторасположение земельного участка | Y11: Жер пайдаланушылардың саны Количество землепользователей | Z11: Аренда мерзімі Срок аренды | AB11: ЖУ негізі құқығының туындауы Основание возникновение права на ЗУ | AF11: Жалпы алаңы Общая площадь (га) (41+65) | AG11: Егістіктер Пашни | AH11: Көп жылдық екпелер Многолетних насаждений | AK11: Тыңайған Залежи | AL11: Шабындықтар Сенокосов | AO11: Жайылымдар Пастбищ | AS11: Барлық ауылшаруашылығы алқаптар Всего с/х угодий (29+30+33+34+37) | AT11: Мелиоративтік құрылыс сатысындағы жерлер Земли, находящиеся в стадии мелиоративного строительства | AU11: Орман алаңдары Лесных площадей | AY11: Орман қорына кірмейтін ағаш-бұталы екпелер Древесно-кустарниковые насаждения, не входящие в лесной фонд | BA11: Батпақтар Болота | BB11: Су асты Под водой | BG11: Арналар және коллекторлардың асты ндағы Под каналами, коллекторами | BH11: Алаңдар, жолдар, көшелер астындағы жерлер Под площадями, дорогами, улицами | BI11: Парктер, скверлер және бульварлардың астындағы Под парками, скверами и бульварами | BJ11: Құрылыстар астындағы Под постройками | BK11: Бұзылған жерлер Нарушенных земель | BL11: Басқа жерле Прочих угодий | BQ11: Бөгде жерлердің барлығы Прочие, всего (42+43+47+49+50+55+56+57+58+59+60) | BR11: Суармалы жердің жалпы көлемі Общая площадь орошаемых земель | BT11: Егістік Пашни | BV11: Көп жылдық екпелер Многолетних насаждений | BZ11: Тыңайған Залежи | CB11: Шабындық Сенокосов | CE11: Жайылым Пастбищ | CH11: Барлық ауылшаруашылығы алқаптар Итого с/х угодий | CJ11: Бөгде жерлердің барлығы Прочие в орошаемых землях (не орошаемые) | CK11: Өткен жылдың күзінде егілген күздік дақылдары Посеяно озимых культур осенью прошлого года | CM11: Есепті жылдың жаздық дақылдары көктемде егілгені Посеяно весной отчетного года яровых культур | CO11: Өткен жылғы көп жылдық екпелердің ауданы Площади под многолетними травами прошлых лет | CP11: Барлық егу жұмыспен қамтылғаны Всего было занято посевами | CQ11: Тыңайтуға жыртылғаны Вспахано паров | CR11: Күздегі есепті жылдың күзгі егістері, Посеяно озимых осенью отчетного года | CW11: Өңдеу үшін жырту Вспахано под зябь | DB11: Егістік Пашни | DD11: Тыңайғаны Залежи | DG11: Жыртылған жерлер Пахатнопригодные земли | DI11: Өткен жылғы күзгі себу Посев осени прошлого года | DL11: Есепті жылғы көктемгі себу Посев весны отчетного года | DO11: Өткен жылғы егілген көпжылдық шөптер Многолетних трав посева прошлого года | DP11: Барлығы егінмен қамтылғаны Всего было занято посевами (гр.1+2+4+5+7) | DQ11: Тыңайтуға жыртылғаны Вспахано паров | DT11: Есепті жылдың күзін себу Посев осени отчетного года | DV11: Егу жүргізілді Посев произведен | DZ11: Өңдеу үшін жырту Вспахано зяби | EE11: Өңдеудегі барлық жерлер Всего земель в обработке (гр.8+9+17+21+22) | EF11: Тыңайғанның қалдығы Остаток залежи | EG11: Жердің түбегейлі жақсартылғаны Земли корен. улучшения
L12: жер санаты категория земли | M12: жердің ішкі санаты подкатегория земли | N12: пайдалану түрі режим использования | O12: вид использования | R12: облыс область | S12: аймақ (аудан) регион (район) | T12: ауылдық округ сельский округ | U12: облыс область | V12: аймақ (аудан) регион (район) | W12: ауылдық округ сельский округ | X12: елді-мекен, үй,пәтер населенный пункт, дом, кв | Z12: пайда болу күні дата возникновение (күні.айы.жылы) | AA12: аяқталу мерзімі дата оканчание (күні.айы.жылы) | AB12: құқықты белгілейтін құжаттың аталуы наименование право устанавливающего документа | AC12: нөмері номер | AD12: күні дата (күні.айы.жылы) | AE12: құжаттың көшірмесі копия документа | AH12: Барлығы Всего | AI12: соның ішінде: из них: | AL12: Барлығы Всего | AM12: соның ішінде: из них: | AO12: Барлығы Всего | AP12: оның ішінде: из них | AU12: Барлығы Всего (44+45+46) | AV12: соның ішінде: в том числе | AY12: Барлығы Всего | AZ12: қорғайтын защитных | BB12: Барлығы Всего (51+52+53+54) | BC12: соның ішінде: из них: | BL12: Барлығы Всего (61+62+63+64) | BM12: соның ішінде: из них: | BR12: Барлығы Всего (44+46) | BS12: соның ішінде дренажбен қамтылғандары из них обеспеченых дренажом | BT12: Барлығы Всего | BU12: соның ішінде дренажбен қамтылғандары из них обеспеченых дренажом | BV12: Барлығы Всего | BW12: соның ішінде дренажбен қамтылғандары из них обеспеченых дренажом | BX12: баулар садов | BY12: жүзімдіктер виноградников | BZ12: Барлығы Всего | CA12: соның ішінде дренажбен қамтылғандары из них обеспеченых дренажом | CB12: Барлығы Всего | CC12: соның ішінде: из них: | CE12: Барлығы Всего | CF12: соның ішінде: из них: | CH12: Барлығы Всего (30+32+36+38+41) | CI12: соның ішінде дренажбен қамтылғандары из них обеспе- ченых дренажом (31+33+37+39+42) | CK12: Барлығы егілгені Всего посеяно | CL12: о.і. көп жылдық екпелері в т.ч. многолетних трав | CM12: Барлығы егілгені Всего посеяно | CN12: о.і. көп жылдық екпелердің есепті жылдың көктемдегісі в.т.ч. многолетних трав весны отчетного года | CR12: Барлық егілгені Всего посеяно | CS12: о.і. көп жылдық шөп в т.ч. многолетних трав | CW12: Барлығы Всего | CX12: соның ішінде: в том числе | DB12: Егістіктің барлығы Пашни всего | DC12: о.і. көп жылдық екпелері в т.ч. многолетних трав (гр.2+4+5+9+15) | DD12: соның ішінде: в том числе | DF12: Барлық тыңайғаны Залежи всего | DG12: Барлық егістік+тыңайған жерлер Всего пашня+залежи | DH12: о.і. көп жылдық шөп вт.ч. многолетних трав = гр. 19 | DI12: күздік дақылдар озимых культур | DJ12: таза түрдегі көпжылдық шөптер многолетних трав в чистом виде | DK12: жабынды көпжылдық шөптер многолетних трав под покров | DL12: жаздық дақылдар яровых культур | DM12: таза түрдегі көпжылдық шөптер многолетних трав в чистом виде | DN12: жабынды көпжылдық шөптер многолетних трав под покров | DQ12: Барлығы Всего | DR12: соның ішінде: в том числе | DT12: күздік дақылдар озимых культур | DU12: таза түрдегі көпжылдық шөптер многолетних трав в чистом виде | DV12: жабынды көпжылдық шөптер многолетних трав под покров | DW12: тыңайту по парам | DX12: ағымдағы жылдың қалдығы бойынша по стерне текущего года | DY12: өткен жылғы тыңайған жерлер мен қалдығы бойынша по залежи и стерне прошлого года | DZ12: Барлығы Всего | EA12: соның ішінде: в том числе: | EG12: Барлығы Всего (гр.23+24) | EH12: о.і. жақсартылғаны в т.ч. улучшенных (гр.2+3+5+6+7+13+14+20)=КУ
AI13: бақтар садов | AJ13: жүзімдіктер виноградников | AM13: жақсартылған улучшенных | AN13: жайылма пойменные | AP13: жақсартылған, түбегейлі жақсартылғанды қоса алғанда из них улучшенные, включая коренное улучшение | AQ13: суландырылған обводненные | AR13: шалғайдағы мал шаруашылығы үшін для отгонного животноводства | AV13: орман көмкерген покрытых лесом | AW13: орман көмкермеген не покрытых лесом | AX13: питомниктер және бірікпеген ағаштар питомников и несомкнувшихся культур | BC13: өзендер мен жылғалар астындағы под реками и ручьями | BD13: көл астындағы под озерами | BE13: соның ішінде тұщы сулы в т.ч. пресноводных | BF13: жасанды су айдындары искуственныме водоемы | BM13: құмдар песков | BN13: жыралар мен сайлар оврагов | BO13: мұз басқан жерлер ледников | BP13: басқа алқаптар других угодий | CC13: дренажбен қамтылғандары обеспе- ченых дрена- жом | CD13: жақсартылған, түбегейлі жақсартылғаны улучшенных, КУ | CF13: дренажбен қамтылғандары обеспеченых дренажом | CG13: жақсартылған, түбегейлі жақсартылғаны улучшенных, КУ | CS13: Барлығы көп жылдық шөптер Всего многолетних трав | CT13: соның ішінде: в том числе: | CX13: ағымдағы жылдың қалдығы стерни текуще года | CY13: көп жылдық шөп многолетних трав | CZ13: тыңның барлық түрлері целина всех видов | DA13: өткен жылғы қалдық шоғырына залежи и стерни прошлого года | DD13: бір жылдық (өткен жылдың таратылмаған қалдық) однолетних (нераспаханной стерни прошлого года) | DE13: 1 жылдан аса свыше1 года | DR13: тың (жаңа жерлер) целины (новых земель) | DS13: өткен жылғы қалдық шоғырына залежи и стерни прошлого года | EA13: өткен жылдың қалдығы стерни прошлого года | EB13: көпжылдық шөптер(бұрын егілген жерлер) многолетних трав(ранее залуженных земель) | EC13: өткен жылғы тыңайған жерлер мен қалдығы бойынша залежи и стерни прошлого года | ED13: тың (жаңа жерлер) целины (новых земель)
A14: FieldTextEnd | CT14: тыңайтуға под парами | CU14: ағымдағы жылдың қалдығы под стерней текущего года | CV14: өткен жылғы қалдық шоғырына под залежи стерни от прошлого года
A15: FieldCodeName | B15: А1 | C15: А2 | D15: 1 | E15: 2 | F15: 3 | G15: 4 | H15: 5 | I15: 6 | J15: 7 | K15: 8 | L15: 9 | M15: 10 | N15: 11 | O15: 11 | P15: 12 | Q15: 13 | R15: 14 | S15: 15 | T15: 16 | U15: 17 | V15: 18 | W15: 19 | X15: 20 | Y15: 21 | Z15: 22 | AA15: 23 | AB15: 24 | AC15: 25 | AD15: 26 | AE15: 27 | AF15: 28 | AG15: 29 | AH15: 30 | AI15: 31 | AJ15: 32 | AK15: 33 | AL15: 34 | AM15: 35 | AN15: 36 | AO15: 37 | AP15: 38 | AQ15: 39 | AR15: 40 | AS15: 41 | AT15: 42 | AU15: 43 | AV15: 44 | AW15: 45 | AX15: 46 | AY15: 47 | AZ15: 48 | BA15: 49 | BB15: 50 | BC15: 51 | BD15: 52 | BE15: 53 | BF15: 54 | BG15: 55 | BH15: 56 | BI15: 57 | BJ15: 58 | BK15: 59 | BL15: 60 | BM15: 61 | BN15: 62 | BO15: 63 | BP15: 64 | BQ15: 65 | BR15: 28 | BS15: 29 | BT15: 30 | BU15: 31 | BV15: 32 | BW15: 33 | BX15: 34 | BY15: 35 | BZ15: 36 | CA15: 37 | CB15: 38 | CC15: 39 | CD15: 40 | CE15: 41 | CF15: 42 | CG15: 43 | CH15: 44 | CI15: 45 | CJ15: 46 | CK15: 1 | CL15: 2 | CM15: 3 | CN15: 4 | CO15: 5 | CP15: 6 | CQ15: 7 | CR15: 8 | CS15: 9 | CT15: 10 | CU15: 11 | CV15: 12 | CW15: 13 | CX15: 14 | CY15: 15 | CZ15: 16 | DA15: 17 | DB15: 18 | DC15: 19 | DD15: 20 | DE15: 21 | DF15: 22 | DG15: 23 | DH15: 24 | DI15: 1 | DJ15: 2 | DK15: 3 | DL15: 4 | DM15: 5 | DN15: 6 | DO15: 7 | DP15: 8 | DQ15: 9 | DR15: 10 | DS15: 11 | DT15: 12 | DU15: 13 | DV15: 14 | DW15: 15 | DX15: 16 | DY15: 17 | DZ15: 18 | EA15: 19 | EB15: 20 | EC15: 21 | ED15: 22 | EE15: 23 | EF15: 24 | EG15: 25 | EH15: 26
B16: контрол | C16: Земли сельскохозяйственного назначения (строка 1.1+1.2) | Y16: =SUM(Y19:Y32) -> 4090 | AF16: =SUM(AS16:AU16,AY16,BA16:BB16,BG16:BL16) -> 7232.5 | AG16: 4987.5 | AH16: 0.8 | AI16: 0.4 | AK16: 40.8 | AL16: 17.6 | AM16: 6.7 | AO16: 1954 | AP16: 379.5 | AQ16: 702.4 | AR16: =SUM(AR19:AR32) -> 0 | AS16: =SUM(AG16,AH16,AK16,AL16,AO16) -> 7000.7 | AU16: 0.2 | AX16: 0.2 | AY16: 48.3 | AZ16: 6.4 | BA16: 42.8 | BB16: =SUM(BC16,BD16,BF16) -> 63.3 | BC16: 4.5 | BD16: 56.6 | BE16: 32.2 | BF16: 2.2 | BG16: 0.1 | BH16: 31.8 | BJ16: 0.8 | BK16: 0.4 | BL16: =SUM(BM16:BP16) -> 44.1 | BN16: 0.1 | BP16: 44 | BQ16: =SUM(AF16-AS16) -> 231.8
Y17: =SUM(Y33+Y205) -> 4090 | AF17: =SUM(AS17:AU17,AY17,BA17:BB17,BG17:BL17) -> 7232.5 | AG17: =SUM(AG33+AG205) -> 4987.5 | AH17: =SUM(AH33+AH205) -> 0.8 | AI17: =SUM(AI33+AI205) -> 0.4 | AJ17: =SUM(AJ33+AJ205) -> 0 | AK17: =SUM(AK33+AK205) -> 40.8 | AL17: =SUM(AL33+AL205) -> 17.6 | AM17: =SUM(AM33+AM205) -> 6.7 | AN17: =SUM(AN33+AN205) -> 0 | ... AR17: =SUM(AR33+AR205) -> 0 | AS17: =SUM(AG17,AH17,AK17,AL17,AO17) -> 7000.7 | AT17: =SUM(AT33+AT205) -> 0 | AU17: =SUM(AU33+AU205) -> 0.2 | AV17: =SUM(AV33+AV205) -> 0 | AW17: =SUM(AW33+AW205) -> 0 | AX17: =SUM(AX33+AX205) -> 0.2 | AY17: =SUM(AY33+AY205) -> 48.3 | AZ17: =SUM(AZ33+AZ205) -> 6.4 | BA17: =SUM(BA33+BA205) -> 42.8 | BB17: =SUM(BC17,BD17,BF17) -> 63.3 | BC17: =SUM(BC33+BC205) -> 4.5 | BD17: =SUM(BD33+BD205) -> 56.6 | BE17: =SUM(BE33+BE205) -> 32.2 | BF17: =SUM(BF33+BF205) -> 2.2 | BG17: =SUM(BG33+BG205) -> 0.1 | BH17: =SUM(BH33+BH205) -> 31.8 | BI17: =SUM(BI33+BI205) -> 0 | BJ17: =SUM(BJ33+BJ205) -> 0.8 | BK17: =SUM(BK33+BK205) -> 0.4 | BL17: =SUM(BM17:BP17) -> 44.1 | BM17: =SUM(BM33+BM205) -> 0 | BN17: =SUM(BN33+BN205) -> 0.1 | BO17: =SUM(BO33+BO205) -> 0 | BP17: =SUM(BP33+BP205) -> 44 | BQ17: =SUM(AF17-AS17) -> 231.8 | BR17: =SUM(BR33+BR205) -> 20.6 | BS17: =SUM(BS33+BS205) -> 0 | BT17: =SUM(BT33+BT205) -> 17.3 | BU17: =SUM(BU33+BU205) -> 0 | BV17: =SUM(BV33+BV205) -> 0 | BW17: =SUM(BW33+BW205) -> 0 | BX17: =SUM(BX33+BX205) -> 0 | BY17: =SUM(BY33+BY205) -> 0 | ... CJ17: =SUM(CJ33+CJ205) -> 0 | CK17: =SUM(CK33,CK205) -> 1.2 | CL17: =SUM(CL33,CL205) -> 0 | CM17: =SUM(CM33,CM205) -> 4061.7 | CN17: =SUM(CN33,CN205) -> 8 | CO17: =SUM(CO33,CO205) -> 224.5 | CP17: =SUM(CM17,CK17,CO17) -> 4287.4 | CQ17: =SUM(CQ33,CQ205) -> 575.7 | CR17: =SUM(CR33,CR205) -> 0.3 | CS17: =SUM(CS33,CS205) -> 0 | CT17: =SUM(CT33,CT205) -> 0 | CU17: =SUM(CU33,CU205) -> 0 | CV17: =SUM(CV33,CV205) -> 0 | CW17: =SUM(CW33,CW205) -> 720.2 | CX17: =SUM(CX33,CX205) -> 618.1 | ... DA17: =SUM(DA33,DA205) -> 81 | DB17: =SUM(CP17,CQ17,DA17) -> 4944.1 | DC17: =SUM(CO17,CN17) -> 232.5 | DE17: =SUM(DE33,DE205) -> 57.4 | DF17: =SUM(DF33,DF205) -> 57.4 | DG17: =SUM(DB17,DF17) -> 5001.5 | DH17: =SUM(DC17) -> 232.5 | DI17: =SUM(DI34,DI206) -> 0 | DJ17: =SUM(DJ34,DJ206) -> 0
Y18: =SUM(Y19:Y32) -> 4090 | AF18: =SUM(AS18:AU18,AY18,BA18:BB18,BG18:BL18) -> 7232511.8 | AG18: =SUM(AG19:AG32) -> 4987500.7 | AH18: =SUM(AH19:AH32) -> 857 | AI18: =SUM(AI19:AI32) -> 449 | AJ18: =SUM(AJ19:AJ32) -> 45 | AK18: =SUM(AK19:AK32) -> 40780 | AL18: =SUM(AL19:AL32) -> 17522 | AM18: =SUM(AM19:AM32) -> 6660 | AN18: =SUM(AN19:AN32) -> 0 | ... AR18: =SUM(AR19:AR32) -> 0 | AS18: =SUM(AG18,AH18,AK18,AL18,AO18) -> 7000668.4 | AT18: =SUM(AT19:AT32) -> 0 | AU18: =SUM(AU19:AU32) -> 182 | AV18: =SUM(AV19:AV32) -> 7 | AW18: =SUM(AW19:AW32) -> 0 | AX18: =SUM(AX19:AX32) -> 175 | AY18: =SUM(AY19:AY32) -> 48270.4 | AZ18: =SUM(AZ19:AZ32) -> 6401 | BA18: =SUM(BA19:BA32) -> 42777.6 | BB18: =SUM(BC18,BD18,BF18) -> 63340.1 | BC18: =SUM(BC19:BC32) -> 4517 | BD18: =SUM(BD19:BD32) -> 56665.1 | BE18: =SUM(BE19:BE32) -> 32152 | BF18: =SUM(BF19:BF32) -> 2158 | BG18: =SUM(BG19:BG32) -> 129 | BH18: =SUM(BH19:BH32) -> 31840.3 | BI18: =SUM(BI19:BI32) -> 13 | BJ18: =SUM(BJ19:BJ32) -> 784 | BK18: =SUM(BK19:BK32) -> 397 | BL18: =SUM(BM18:BP18) -> 44110 | BM18: =SUM(BM19:BM32) -> 45 | BN18: =SUM(BN19:BN32) -> 51 | BO18: =SUM(BO19:BO32) -> 0 | BP18: =SUM(BP19:BP32) -> 44014 | BQ18: =SUM(AF18-AS18) -> 231843.4 | BR18: =SUM(BR19:BR32) -> 20640 | BS18: =SUM(BS19:BS32) -> 0 | BT18: =SUM(BT19:BT32) -> 17329 | BU18: =SUM(BU19:BU32) -> 0 | BV18: =SUM(BV19:BV32) -> 5 | BW18: =SUM(BW19:BW32) -> 0 | BX18: =SUM(BX19:BX32) -> 0 | BY18: =SUM(BY19:BY32) -> 0 | ... CJ18: =SUM(CJ19:CJ32) -> 2 | CK18: =SUM(CK19:CK31) -> 1211 | CL18: =SUM(CL19:CL31) -> 0 | CM18: =SUM(CM19:CM31) -> 4061708.5 | CN18: =SUM(CN19:CN31) -> 7960 | CO18: =SUM(CO19:CO31) -> 224541 | CP18: =SUM(CM18,CK18,CO18) -> 4287460.5 | CQ18: =SUM(CQ19:CQ31) -> 575612.49 | CR18: =SUM(CR19:CR31) -> 333 | CS18: =SUM(CS19:CS31) -> 0 | CT18: =SUM(CT19:CT31) -> 0 | CU18: =SUM(CU19:CU31) -> 0 | CV18: =SUM(CV19:CV31) -> 0 | CW18: =SUM(CW19:CW31) -> 720217 | CX18: =SUM(CX19:CX31) -> 618164 | ... DA18: =SUM(DA19:DA31) -> 81046 | DB18: =SUM(CP18,CQ18,DA18) -> 4944119 | DC18: =SUM(CO18,CN18) -> 232501 | DD18: =SUM(DD19:DD31) -> 0 | DE18: =SUM(DE19:DE31) -> 51 | DF18: =SUM(DF19:DF31) -> 51 | DG18: =SUM(DB18,DF18) -> 4944170 | DH18: =SUM(DC18) -> 232501
C19: Айыртауский | Y19: =SUM(Y35,Y207) -> 372 | AF19: =SUM(AS19:AU19,AY19,BA19:BB19,BG19:BL19) -> 606719 | AG19: =SUM(AG35,AG207) -> 433609 | AH19: =SUM(AH35,AH207) -> 88 | AI19: =SUM(AI35,AI207) -> 55 | AJ19: =SUM(AJ35,AJ207) -> 0 | AK19: =SUM(AK35,AK207) -> 0 | AL19: =SUM(AL35,AL207) -> 385 | AM19: =SUM(AM35,AM207) -> 0 | AN19: =SUM(AN35,AN207) -> 0 | ... AR19: =SUM(AR35,AR207) -> 0 | AS19: =SUM(AG19,AH19,AK19,AL19,AO19) -> 594389 | AT19: =SUM(AT35,AT207) -> 0 | AU19: =SUM(AV19:AX19) -> 0 | AV19: =SUM(AV35,AV207) -> 0 | AW19: =SUM(AW35,AW207) -> 0 | AX19: =SUM(AX35,AX207) -> 0 | AY19: =SUM(AY35,AY207) -> 2625 | AZ19: =SUM(AZ35,AZ207) -> 1156 | BA19: =SUM(BA35,BA207) -> 2881 | BB19: =SUM(BC19,BD19,BF19) -> 3152 | BC19: =SUM(BC35,BC207) -> 328 | BD19: =SUM(BD35,BD207) -> 2573 | BE19: =SUM(BE35,BE207) -> 428 | BF19: =SUM(BF35,BF207) -> 251 | BG19: =SUM(BG35,BG207) -> 0 | BH19: =SUM(BH35,BH207) -> 2722 | BI19: =SUM(BI35,BI207) -> 9 | BJ19: =SUM(BJ35,BJ207) -> 189 | BK19: =SUM(BK35,BK207) -> 132 | BL19: =SUM(BM19:BP19) -> 620 | BM19: =SUM(BM35,BM207) -> 35 | BN19: =SUM(BN35,BN207) -> 51 | BO19: =SUM(BO35,BO207) -> 0 | BP19: =SUM(BP35,BP207) -> 534 | BQ19: =SUM(AF19-AS19) -> 12330 | BR19: =SUM(BR35,BR207) -> 470 | BS19: =SUM(BS35,BS207) -> 0 | BT19: =SUM(BT35,BT207) -> 470 | BU19: =SUM(BU35,BU207) -> 0 | BV19: =SUM(BV35,BV207) -> 0 | BW19: =SUM(BW35,BW207) -> 0 | BX19: =SUM(BX35,BX207) -> 0 | BY19: =SUM(BY35,BY207) -> 0 | ... CH19: =SUM(CH35,CH207) -> 470 | CI19: =SUM(CI35,CI51) -> 0 | CJ19: =SUM(CJ35,CJ51) -> 0 | CK19: =SUM(CK35,CK207) -> 0 | CL19: =SUM(CL35,CL207) -> 0 | CM19: =SUM(CM35,CM207) -> 353247 | CN19: =SUM(CN35,CN207) -> 1490 | CO19: =SUM(CO35,CO207) -> 25119 | CP19: =SUM(CM19,CK19,CO19) -> 378366 | CQ19: =SUM(CQ35,CQ207) -> 47467 | CR19: =SUM(CR35,CR51) -> 0 | CS19: =SUM(CS35,CS51) -> 0 | CT19: =SUM(CT35,CT51) -> 0 | CU19: =SUM(CU35,CU51) -> 0 | CV19: =SUM(CV35,CV51) -> 0 | CW19: =SUM(CW35,CW51) -> 0 | CX19: =SUM(CX35,CX51) -> 0 | CY19: =SUM(CY35,CY51) -> 0 | ... DA19: =SUM(DA35,DA51) -> 0 | DB19: =SUM(CP19,CQ19,DA19) -> 425833 | DC19: =SUM(CO19,CN19) -> 26609 | DD19: =SUM(DD35,DD207) -> 0 | DE19: =SUM(DE35,DE51) -> 0 | DF19: =SUM(DF35,DF51) -> 0 | DG19: =SUM(DB19,DF19) -> 425833 | DH19: =SUM(DC19) -> 26609 | DI19: =SUM(DI35,DI51) -> 0 | DJ19: =SUM(DJ35,DJ51) -> 0 | DK19: =SUM(DK35,DK51) -> 0 | DL19: =SUM(DL35,DL51) -> 0 | DM19: =SUM(DM35,DM51) -> 0 | DN19: =SUM(DN35,DN51) -> 0 | DO19: =SUM(DO35,DO51) -> 0 | DP19: =SUM(DP35,DP51) -> 0 | ... EH19: =SUM(EH35,EH51) -> 0
C20: Акжарский | Y20: =SUM(Y36,Y208) -> 287 | AF20: =SUM(AS20:AU20,AY20,BA20:BB20,BG20:BL20) -> 529053 | AG20: =SUM(AG36,AG208) -> 345955 | AH20: =SUM(AH36,AH208) -> 2 | AI20: =SUM(AI36,AI208) -> 2 | AJ20: =SUM(AJ36,AJ208) -> 0 | AK20: =SUM(AK36,AK208) -> 0 | AL20: =SUM(AL36,AL208) -> 1796 | AM20: =SUM(AM36,AM208) -> 1727 | AN20: =SUM(AN36,AN208) -> 0 | ... AR20: =SUM(AR36,AR208) -> 0 | AS20: =SUM(AG20,AH20,AK20,AL20,AO20) -> 522812 | AT20: =SUM(AT36,AT208) -> 0 | AU20: =SUM(AV20:AX20) -> 0 | AV20: =SUM(AV36,AV208) -> 0 | AW20: =SUM(AW36,AW208) -> 0 | AX20: =SUM(AX36,AX208) -> 0 | AY20: =SUM(AY36,AY208) -> 1000 | AZ20: =SUM(AZ36,AZ208) -> 536 | BA20: =SUM(BA36,BA208) -> 843 | BB20: =SUM(BC20,BD20,BF20) -> 1320 | BC20: =SUM(BC36,BC208) -> 271 | BD20: =SUM(BD36,BD208) -> 691 | BE20: =SUM(BE36,BE208) -> 0 | BF20: =SUM(BF36,BF208) -> 358 | BG20: =SUM(BG36,BG208) -> 0 | BH20: =SUM(BH36,BH208) -> 1874 | BI20: =SUM(BI36,BI208) -> 0 | BJ20: =SUM(BJ36,BJ208) -> 113 | BK20: =SUM(BK36,BK208) -> 0 | BL20: =SUM(BM20:BP20) -> 1091 | BM20: =SUM(BM36,BM208) -> 0 | BN20: =SUM(BN36,BN208) -> 0 | BO20: =SUM(BO36,BO208) -> 0 | BP20: =SUM(BP36,BP208) -> 1091 | BQ20: =SUM(AF20-AS20) -> 6241 | BR20: =SUM(BR36,BR208) -> 0 | BS20: =SUM(BS36,BS208) -> 0 | BT20: =SUM(BT36,BT208) -> 0 | BU20: =SUM(BU36,BU208) -> 0 | BV20: =SUM(BV36,BV208) -> 0 | BW20: =SUM(BW36,BW208) -> 0 | BX20: =SUM(BX36,BX208) -> 0 | BY20: =SUM(BY36,BY208) -> 0 | ... CO20: =SUM(CO36,CO208) -> 18748 | CP20: =SUM(CM20,CK20,CO20) -> 277425 | CQ20: =SUM(CQ36,CQ208) -> 72400 | CR20: =SUM(CR36,CR52) -> 0 | CS20: =SUM(CS36,CS52) -> 0 | CT20: =SUM(CT36,CT52) -> 0 | CU20: =SUM(CU36,CU52) -> 0 | CV20: =SUM(CV36,CV52) -> 0 | CW20: =SUM(CW36,CW208) -> 0 | CX20: =SUM(CX36,CX208) -> 0 | CY20: =SUM(CY36,CY208) -> 0 | CZ20: =SUM(CZ36,CZ208) -> 0 | DA20: =SUM(DA36,DA208) -> 0 | DB20: =SUM(CP20,CQ20,DA20) -> 349825 | DC20: =SUM(CO20,CN20) -> 18748 | DD20: =SUM(DD36,DD208) -> 0 | DE20: =SUM(DE36,DE52) -> 0 | DF20: =SUM(DF36,DF52) -> 0 | DG20: =SUM(DB20,DF20) -> 349825 | DH20: =SUM(DC20) -> 18748 | DI20: =SUM(DI36,DI52) -> 0 | DJ20: =SUM(DJ36,DJ52) -> 0 | DK20: =SUM(DK36,DK52) -> 0 | DL20: =SUM(DL36,DL52) -> 0 | DM20: =SUM(DM36,DM52) -> 0 | DN20: =SUM(DN36,DN52) -> 0 | DO20: =SUM(DO36,DO52) -> 0 | DP20: =SUM(DP36,DP52) -> 0 | ... EH20: =SUM(EH36,EH52) -> 0
C21: Аккайынский | Y21: =SUM(Y37,Y209) -> 243 | AF21: =SUM(AS21:AU21,AY21,BA21:BB21,BG21:BL21) -> 356746 | AG21: =SUM(AG37,AG209) -> 241726 | AH21: =SUM(AH37,AH209) -> 151 | AI21: =SUM(AI37,AI209) -> 75 | AJ21: =SUM(AJ37,AJ209) -> 0 | AK21: =SUM(AK37,AK209) -> 0 | AL21: =SUM(AL37,AL209) -> 0 | AM21: =SUM(AM37,AM209) -> 0 | AN21: =SUM(AN37,AN209) -> 0 | ... AR21: =SUM(AR37,AR209) -> 0 | AS21: =SUM(AG21,AH21,AK21,AL21,AO21) -> 340442 | AT21: =SUM(AT37,AT209) -> 0 | AU21: =SUM(AV21:AX21) -> 0 | AV21: =SUM(AV37,AV209) -> 0 | AW21: =SUM(AW37,AW209) -> 0 | AX21: =SUM(AX37,AX209) -> 0 | AY21: =SUM(AY37,AY209) -> 5733 | AZ21: =SUM(AZ37,AZ209) -> 455 | BA21: =SUM(BA37,BA209) -> 3342 | BB21: =SUM(BC21,BD21,BF21) -> 4499 | BC21: =SUM(BC37,BC209) -> 0 | BD21: =SUM(BD37,BD209) -> 4458 | BE21: =SUM(BE37,BE209) -> 717 | BF21: =SUM(BF37,BF209) -> 41 | BG21: =SUM(BG37,BG209) -> 11 | BH21: =SUM(BH37,BH209) -> 1852 | BI21: =SUM(BI37,BI209) -> 1 | BJ21: =SUM(BJ37,BJ209) -> 127 | BK21: =SUM(BK37,BK209) -> 8 | BL21: =SUM(BM21:BP21) -> 731 | BM21: =SUM(BM37,BM209) -> 0 | BN21: =SUM(BN37,BN209) -> 0 | BO21: =SUM(BO37,BO209) -> 0 | BP21: =SUM(BP37,BP209) -> 731 | BQ21: =SUM(AF21-AS21) -> 16304 | BR21: =SUM(BR37,BR209) -> 0 | BS21: =SUM(BS37,BS209) -> 0 | BT21: =SUM(BT37,BT209) -> 0 | BU21: =SUM(BU37,BU209) -> 0 | BV21: =SUM(BV37,BV209) -> 0 | BW21: =SUM(BW37,BW209) -> 0 | BX21: =SUM(BX37,BX209) -> 0 | BY21: =SUM(BY37,BY209) -> 0 | ... CO21: =SUM(CO37,CO209) -> 4888 | CP21: =SUM(CM21,CK21,CO21) -> 213819 | CQ21: =SUM(CQ37,CQ209) -> 27791 | CR21: =SUM(CR37,CR209) -> 0 | CS21: =SUM(CS37,CS209) -> 0 | CT21: =SUM(CT37,CT209) -> 0 | CU21: =SUM(CU37,CU209) -> 0 | CV21: =SUM(CV37,CV209) -> 0 | CW21: =SUM(CW37,CW209) -> 73200 | CX21: =SUM(CX37,CX209) -> 73200 | ... DA21: =SUM(DA37,DA209) -> 0 | DB21: =SUM(CP21,CQ21,DA21) -> 241610 | DC21: =SUM(CO21,CN21) -> 5102 | DD21: =SUM(DD37,DD209) -> 0 | DE21: =SUM(DE37,DE53) -> 0 | DF21: =SUM(DF37,DF53) -> 0 | DG21: =SUM(DB21,DF21) -> 241610 | DH21: =SUM(DC21) -> 5102 | DI21: =SUM(DI37,DI53) -> 0 | DJ21: =SUM(DJ37,DJ53) -> 0 | DK21: =SUM(DK37,DK53) -> 0 | DL21: =SUM(DL37,DL53) -> 0 | DM21: =SUM(DM37,DM53) -> 0 | DN21: =SUM(DN37,DN53) -> 0 | DO21: =SUM(DO37,DO53) -> 0 | DP21: =SUM(DP37,DP53) -> 0 | ... EH21: =SUM(EH37,EH53) -> 0
C22: Г.Мусрепова | Y22: =SUM(Y38,Y210) -> 303 | AF22: =SUM(AS22:AU22,AY22,BA22:BB22,BG22:BL22) -> 961408 | AG22: =SUM(AG38,AG210) -> 789735 | AH22: =SUM(AH38,AH210) -> 82 | AI22: =SUM(AI38,AI210) -> 63 | AJ22: =SUM(AJ38,AJ210) -> 19 | AK22: =SUM(AK38,AK210) -> 0 | AL22: =SUM(AL38,AL210) -> 0 | AM22: =SUM(AM38,AM210) -> 0 | AN22: =SUM(AN38,AN210) -> 0 | ... AR22: =SUM(AR38,AR210) -> 0 | AS22: =SUM(AG22,AH22,AK22,AL22,AO22) -> 947550 | AT22: =SUM(AT38,AT210) -> 0 | AU22: =SUM(AV22:AX22) -> 0 | AV22: =SUM(AV38,AV210) -> 0 | AW22: =SUM(AW38,AW210) -> 0 | AX22: =SUM(AX38,AX210) -> 0 | AY22: =SUM(AY38,AY210) -> 3466 | AZ22: =SUM(AZ38,AZ210) -> 73 | BA22: =SUM(BA38,BA210) -> 2024 | BB22: =SUM(BC22,BD22,BF22) -> 2159 | BC22: =SUM(BC38,BC210) -> 1384 | BD22: =SUM(BD38,BD210) -> 450 | BE22: =SUM(BE38,BE210) -> 0 | BF22: =SUM(BF38,BF210) -> 325 | BG22: =SUM(BG38,BG210) -> 0 | BH22: =SUM(BH38,BH210) -> 3901 | BI22: =SUM(BI38,BI210) -> 1 | BJ22: =SUM(BJ38,BJ210) -> 35 | BK22: =SUM(BK38,BK210) -> 238 | BL22: =SUM(BM22:BP22) -> 2034 | BM22: =SUM(BM38,BM210) -> 0 | BN22: =SUM(BN38,BN210) -> 0 | BO22: =SUM(BO38,BO210) -> 0 | BP22: =SUM(BP38,BP210) -> 2034 | BQ22: =SUM(AF22-AS22) -> 13858 | BR22: =SUM(BR38,BR210) -> 9257 | BS22: =SUM(BS38,BS210) -> 0 | BT22: =SUM(BT38,BT210) -> 6805 | BU22: =SUM(BU38,BU210) -> 0 | BV22: =SUM(BV38,BV210) -> 0 | BW22: =SUM(BW38,BW210) -> 0 | BX22: =SUM(BX38,BX210) -> 0 | BY22: =SUM(BY38,BY210) -> 0 | ... CO22: =SUM(CO38,CO210) -> 39047 | CP22: =SUM(CM22,CK22,CO22) -> 719517 | CQ22: =SUM(CQ38,CQ210) -> 64543 | CR22: =SUM(CR38,CR210) -> 0 | CS22: =SUM(CS38,CS210) -> 0 | CT22: =SUM(CT38,CT210) -> 0 | CU22: =SUM(CU38,CU210) -> 0 | CV22: =SUM(CV38,CV210) -> 0 | CW22: =SUM(CW38,CW210) -> 0 | CX22: =SUM(CX38,CX210) -> 0 | ... DA22: =SUM(DA38,DA210) -> 0 | DB22: =SUM(CP22,CQ22,DA22) -> 784060 | DC22: =SUM(CO22,CN22) -> 39047 | DD22: =SUM(DD38,DD210) -> 0 | DE22: =SUM(DE38,DE54) -> 0 | DF22: =SUM(DF38,DF54) -> 0 | DG22: =SUM(DB22,DF22) -> 784060 | DH22: =SUM(DC22) -> 39047 | DI22: =SUM(DI38,DI54) -> 0 | DJ22: =SUM(DJ38,DJ54) -> 0 | DK22: =SUM(DK38,DK54) -> 0 | DL22: =SUM(DL38,DL54) -> 0 | DM22: =SUM(DM38,DM54) -> 0 | DN22: =SUM(DN38,DN54) -> 0 | DO22: =SUM(DO38,DO54) -> 0 | DP22: =SUM(DP38,DP54) -> 0 | ... EH22: =SUM(EH38,EH54) -> 0
C23: Есильский | Y23: =SUM(Y39,Y211) -> 292 | AF23: =SUM(AS23:AU23,AY23,BA23:BB23,BG23:BL23) -> 401834 | AG23: =SUM(AG39,AG211) -> 319173 | AH23: =SUM(AH39,AH211) -> 114 | AI23: =SUM(AI39,AI211) -> 78 | AJ23: =SUM(AJ39,AJ211) -> 0 | AK23: =SUM(AK39,AK211) -> 0 | AL23: =SUM(AL39,AL211) -> 5494 | AM23: =SUM(AM39,AM211) -> 3420 | AN23: =SUM(AN39,AN211) -> 0 | ... AR23: =SUM(AR39,AR211) -> 0 | AS23: =SUM(AG23,AH23,AK23,AL23,AO23) -> 389372 | AT23: =SUM(AT39,AT211) -> 0 | AU23: =SUM(AV23:AX23) -> 0 | AV23: =SUM(AV39,AV211) -> 0 | AW23: =SUM(AW39,AW211) -> 0 | AX23: =SUM(AX39,AX211) -> 0 | AY23: =SUM(AY39,AY211) -> 3189 | AZ23: =SUM(AZ39,AZ211) -> 454 | BA23: =SUM(BA39,BA211) -> 3084 | BB23: =SUM(BC23,BD23,BF23) -> 3235 | BC23: =SUM(BC39,BC211) -> 430 | BD23: =SUM(BD39,BD211) -> 2747 | BE23: =SUM(BE39,BE211) -> 2741 | BF23: =SUM(BF39,BF211) -> 58 | BG23: =SUM(BG39,BG211) -> 65 | BH23: =SUM(BH39,BH211) -> 2213 | BI23: =SUM(BI39,BI211) -> 1 | BJ23: =SUM(BJ39,BJ211) -> 116 | BK23: =SUM(BK39,BK211) -> 19 | BL23: =SUM(BM23:BP23) -> 540 | BM23: =SUM(BM39,BM211) -> 10 | BN23: =SUM(BN39,BN211) -> 0 | BO23: =SUM(BO39,BO211) -> 0 | BP23: =SUM(BP39,BP211) -> 530 | BQ23: =SUM(AF23-AS23) -> 12462 | BR23: =SUM(BR39,BR211) -> 386 | BS23: =SUM(BS39,BS211) -> 0 | BT23: =SUM(BT39,BT211) -> 386 | BU23: =SUM(BU39,BU211) -> 0 | BV23: =SUM(BV39,BV211) -> 0 | BW23: =SUM(BW39,BW211) -> 0 | BX23: =SUM(BX39,BX211) -> 0 | BY23: =SUM(BY39,BY211) -> 0 | ... CO23: =SUM(CO39,CO211) -> 6874 | CP23: =SUM(CM23,CK23,CO23) -> 272324.31 | CQ23: =SUM(CQ39,CQ211) -> 44060.69 | CR23: =SUM(CR39,CR211) -> 0 | CS23: =SUM(CS39,CS211) -> 0 | CT23: =SUM(CT39,CT211) -> 0 | CU23: =SUM(CU39,CU211) -> 0 | CV23: =SUM(CV39,CV211) -> 0 | CW23: =SUM(CW39,CW211) -> 145000 | CX23: =SUM(CX39,CX211) -> 145000 | ... DA23: =SUM(DA39,DA211) -> 0 | DB23: =SUM(CP23,CQ23,DA23) -> 316385 | DC23: =SUM(CO23,CN23) -> 7420 | DD23: =SUM(DD39,DD211) -> 0 | DE23: =SUM(DE39,DE55) -> 0 | DF23: =SUM(DF39,DF55) -> 0 | DG23: =SUM(DB23,DF23) -> 316385 | DH23: =SUM(DC23) -> 7420 | DI23: =SUM(DI39,DI55) -> 0 | DJ23: =SUM(DJ39,DJ55) -> 0 | DK23: =SUM(DK39,DK55) -> 0 | DL23: =SUM(DL39,DL55) -> 0 | DM23: =SUM(DM39,DM55) -> 0 | DN23: =SUM(DN39,DN55) -> 0 | DO23: =SUM(DO39,DO55) -> 0 | DP23: =SUM(DP39,DP55) -> 0 | ... EH23: =SUM(EH39,EH55) -> 0
C24: Жамбылский | Y24: =SUM(Y40,Y212) -> 303 | AF24: =SUM(AS24:AU24,AY24,BA24:BB24,BG24:BL24) -> 527568 | AG24: =SUM(AG40,AG212) -> 348615 | AH24: =SUM(AH40,AH212) -> 67 | AI24: =SUM(AI40,AI212) -> 58 | AJ24: =SUM(AJ40,AJ212) -> 0 | AK24: =SUM(AK40,AK212) -> 0 | AL24: =SUM(AL40,AL212) -> 0 | AM24: =SUM(AM40,AM212) -> 0 | AN24: =SUM(AN40,AN212) -> 0 | ... AR24: =SUM(AR40,AR212) -> 0 | AS24: =SUM(AG24,AH24,AK24,AL24,AO24) -> 493583 | AT24: =SUM(AT40,AT212) -> 0 | AU24: =SUM(AV24:AX24) -> 0 | AV24: =SUM(AV40,AV212) -> 0 | AW24: =SUM(AW40,AW212) -> 0 | AX24: =SUM(AX40,AX212) -> 0 | AY24: =SUM(AY40,AY212) -> 4375 | AZ24: =SUM(AZ40,AZ212) -> 92 | BA24: =SUM(BA40,BA212) -> 7028 | BB24: =SUM(BC24,BD24,BF24) -> 18253 | BC24: =SUM(BC40,BC212) -> 1 | BD24: =SUM(BD40,BD212) -> 18226 | BE24: =SUM(BE40,BE212) -> 13355 | BF24: =SUM(BF40,BF212) -> 26 | BG24: =SUM(BG40,BG212) -> 0 | BH24: =SUM(BH40,BH212) -> 2731 | BI24: =SUM(BI40,BI212) -> 0 | BJ24: =SUM(BJ40,BJ212) -> 77 | BK24: =SUM(BK40,BK212) -> 0 | BL24: =SUM(BM24:BP24) -> 1521 | BM24: =SUM(BM40,BM212) -> 0 | BN24: =SUM(BN40,BN212) -> 0 | BO24: =SUM(BO40,BO212) -> 0 | BP24: =SUM(BP40,BP212) -> 1521 | BQ24: =SUM(AF24-AS24) -> 33985 | BR24: =SUM(BR40,BR212) -> 0 | BS24: =SUM(BS40,BS212) -> 0 | BT24: =SUM(BT40,BT212) -> 0 | BU24: =SUM(BU40,BU212) -> 0 | BV24: =SUM(BV40,BV212) -> 0 | BW24: =SUM(BW40,BW212) -> 0 | BX24: =SUM(BX40,BX212) -> 0 | BY24: =SUM(BY40,BY212) -> 0 | ... CO24: =SUM(CO40,CO212) -> 10743 | CP24: =SUM(CM24,CK24,CO24) -> 306148 | CQ24: =SUM(CQ40,CQ212) -> 39434 | CR24: =SUM(CR40,CR212) -> 0 | CS24: =SUM(CS40,CS212) -> 0 | CT24: =SUM(CT40,CT212) -> 0 | CU24: =SUM(CU40,CU212) -> 0 | CV24: =SUM(CV40,CV212) -> 0 | CW24: =SUM(CW40,CW212) -> 0 | CX24: =SUM(CX40,CX212) -> 0 | ... DA24: =SUM(DA40,DA212) -> 0 | DB24: =SUM(CP24,CQ24,DA24) -> 345582 | DC24: =SUM(CO24,CN24) -> 11345 | DD24: =SUM(DD40,DD212) -> 0 | DE24: =SUM(DE40,DE56) -> 0 | DF24: =SUM(DF40,DF56) -> 0 | DG24: =SUM(DB24,DF24) -> 345582 | DH24: =SUM(DC24) -> 11345 | DI24: =SUM(DI40,DI56) -> 0 | DJ24: =SUM(DJ40,DJ56) -> 0 | DK24: =SUM(DK40,DK56) -> 0 | DL24: =SUM(DL40,DL56) -> 0 | DM24: =SUM(DM40,DM56) -> 0 | DN24: =SUM(DN40,DN56) -> 0 | DO24: =SUM(DO40,DO56) -> 0 | DP24: =SUM(DP40,DP56) -> 0 | ... EH24: =SUM(EH40,EH56) -> 0
C25: Кызылжарский | Y25: =SUM(Y41,Y213) -> 424 | AF25: =SUM(AS25:AU25,AY25,BA25:BB25,BG25:BL25) -> 366966 | AG25: =SUM(AG41,AG213) -> 221261 | AH25: =SUM(AH41,AH213) -> 28 | AI25: =SUM(AI41,AI213) -> 2 | AJ25: =SUM(AJ41,AJ213) -> 26 | AK25: =SUM(AK41,AK213) -> 0 | AL25: =SUM(AL41,AL213) -> 8334 | AM25: =SUM(AM41,AM213) -> 686 | AN25: =SUM(AN41,AN213) -> 0 | ... AR25: =SUM(AR41,AR213) -> 0 | AS25: =SUM(AG25,AH25,AK25,AL25,AO25) -> 345985 | AT25: =SUM(AT41,AT213) -> 0 | AU25: =SUM(AV25:AX25) -> 175 | AV25: =SUM(AV41,AV213) -> 0 | AW25: =SUM(AW41,AW213) -> 0 | AX25: =SUM(AX41,AX213) -> 175 | AY25: =SUM(AY41,AY213) -> 3618 | AZ25: =SUM(AZ41,AZ213) -> 588 | BA25: =SUM(BA41,BA213) -> 6764 | BB25: =SUM(BC25,BD25,BF25) -> 7168 | BC25: =SUM(BC41,BC213) -> 677 | BD25: =SUM(BD41,BD213) -> 6428 | BE25: =SUM(BE41,BE213) -> 6261 | BF25: =SUM(BF41,BF213) -> 63 | BG25: =SUM(BG41,BG213) -> 53 | BH25: =SUM(BH41,BH213) -> 2509 | BI25: =SUM(BI41,BI213) -> 0 | BJ25: =SUM(BJ41,BJ213) -> 0 | BK25: =SUM(BK41,BK213) -> 0 | BL25: =SUM(BM25:BP25) -> 694 | BM25: =SUM(BM41,BM213) -> 0 | BN25: =SUM(BN41,BN213) -> 0 | BO25: =SUM(BO41,BO213) -> 0 | BP25: =SUM(BP41,BP213) -> 694 | BQ25: =SUM(AF25-AS25) -> 20981 | BR25: =SUM(BR41,BR213) -> 1022 | BS25: =SUM(BS41,BS213) -> 0 | BT25: =SUM(BT41,BT213) -> 827 | BU25: =SUM(BU41,BU213) -> 0 | BV25: =SUM(BV41,BV213) -> 0 | BW25: =SUM(BW41,BW213) -> 0 | BX25: =SUM(BX41,BX213) -> 0 | BY25: =SUM(BY41,BY213) -> 0 | ... CO25: =SUM(CO41,CO213) -> 3924 | CP25: =SUM(CM25,CK25,CO25) -> 201367.2 | CQ25: =SUM(CQ41,CQ213) -> 17255.8 | CR25: =SUM(CR41,CR213) -> 0 | CS25: =SUM(CS41,CS213) -> 0 | CT25: =SUM(CT41,CT213) -> 0 | CU25: =SUM(CU41,CU213) -> 0 | CV25: =SUM(CV41,CV213) -> 0 | CW25: =SUM(CW41,CW213) -> 0 | CX25: =SUM(CX41,CX213) -> 0 | ... DA25: =SUM(DA41,DA213) -> 0 | DB25: =SUM(CP25,CQ25,DA25) -> 218623 | DC25: =SUM(CO25,CN25) -> 3924 | DD25: =SUM(DD41,DD213) -> 0 | DE25: =SUM(DE41,DE57) -> 0 | DF25: =SUM(DF41,DF57) -> 0 | DG25: =SUM(DB25,DF25) -> 218623 | DH25: =SUM(DC25) -> 3924 | DI25: =SUM(DI41,DI57) -> 0 | DJ25: =SUM(DJ41,DJ57) -> 0 | DK25: =SUM(DK41,DK57) -> 0 | DL25: =SUM(DL41,DL57) -> 0 | DM25: =SUM(DM41,DM57) -> 0 | DN25: =SUM(DN41,DN57) -> 0 | DO25: =SUM(DO41,DO57) -> 0 | DP25: =SUM(DP41,DP57) -> 0 | ... EH25: =SUM(EH41,EH57) -> 0
C26: М.Жумабаева | Y26: =SUM(Y42,Y214) -> 317 | AF26: =SUM(AS26:AU26,AY26,BA26:BB26,BG26:BL26) -> 590633 | AG26: =SUM(AG42,AG214) -> 467390 | AH26: =SUM(AH42,AH214) -> 80 | AI26: =SUM(AI42,AI214) -> 19 | AJ26: =SUM(AJ42,AJ214) -> 0 | AK26: =SUM(AK42,AK214) -> 0 | AL26: =SUM(AL42,AL214) -> 0 | AM26: =SUM(AM42,AM214) -> 0 | AN26: =SUM(AN42,AN214) -> 0 | ... AR26: =SUM(AR42,AR214) -> 0 | AS26: =SUM(AG26,AH26,AK26,AL26,AO26) -> 568795 | AT26: =SUM(AT42,AT214) -> 0 | AU26: =SUM(AV26:AX26) -> 0 | AV26: =SUM(AV42,AV214) -> 0 | AW26: =SUM(AW42,AW214) -> 0 | AX26: =SUM(AX42,AX214) -> 0 | AY26: =SUM(AY42,AY214) -> 10275 | AZ26: =SUM(AZ42,AZ214) -> 1177 | BA26: =SUM(BA42,BA214) -> 2929 | BB26: =SUM(BC26,BD26,BF26) -> 3019 | BC26: =SUM(BC42,BC214) -> 0 | BD26: =SUM(BD42,BD214) -> 2864 | BE26: =SUM(BE42,BE214) -> 127 | BF26: =SUM(BF42,BF214) -> 155 | BG26: =SUM(BG42,BG214) -> 0 | BH26: =SUM(BH42,BH214) -> 3204 | BI26: =SUM(BI42,BI214) -> 1 | BJ26: =SUM(BJ42,BJ214) -> 21 | BK26: =SUM(BK42,BK214) -> 0 | BL26: =SUM(BM26:BP26) -> 2389 | BM26: =SUM(BM42,BM214) -> 0 | BN26: =SUM(BN42,BN214) -> 0 | BO26: =SUM(BO42,BO214) -> 0 | BP26: =SUM(BP42,BP214) -> 2389 | BQ26: =SUM(AF26-AS26) -> 21838 | BR26: =SUM(BR42,BR214) -> 0 | BS26: =SUM(BS42,BS214) -> 0 | BT26: =SUM(BT42,BT214) -> 0 | BU26: =SUM(BU42,BU214) -> 0 | BV26: =SUM(BV42,BV214) -> 0 | BW26: =SUM(BW42,BW214) -> 0 | BX26: =SUM(BX42,BX214) -> 0 | BY26: =SUM(BY42,BY214) -> 0 | ... CO26: =SUM(CO42,CO214) -> 22102 | CP26: =SUM(CM26,CK26,CO26) -> 416768 | CQ26: =SUM(CQ42,CQ214) -> 51023 | CR26: =SUM(CR42,CR214) -> 333 | CS26: =SUM(CS42,CS214) -> 0 | CT26: =SUM(CT42,CT214) -> 0 | CU26: =SUM(CU42,CU214) -> 0 | CV26: =SUM(CV42,CV214) -> 0 | CW26: =SUM(CW42,CW214) -> 300000 | CX26: =SUM(CX42,CX214) -> 300000 | ... DA26: =SUM(DA42,DA214) -> 0 | DB26: =SUM(CP26,CQ26,DA26) -> 467791 | DC26: =SUM(CO26,CN26) -> 22556 | DD26: =SUM(DD42,DD214) -> 0 | DE26: =SUM(DE42,DE58) -> 0 | DF26: =SUM(DF42,DF58) -> 0 | DG26: =SUM(DB26,DF26) -> 467791 | DH26: =SUM(DC26) -> 22556 | DI26: =SUM(DI42,DI58) -> 0 | DJ26: =SUM(DJ42,DJ58) -> 0 | DK26: =SUM(DK42,DK58) -> 0 | DL26: =SUM(DL42,DL58) -> 0 | DM26: =SUM(DM42,DM58) -> 0 | DN26: =SUM(DN42,DN58) -> 0 | DO26: =SUM(DO42,DO58) -> 0 | DP26: =SUM(DP42,DP58) -> 0 | ... EH26: =SUM(EH42,EH58) -> 0
C27: Мамлютский | Y27: =SUM(Y43,Y215) -> 243 | AF27: =SUM(AS27:AU27,AY27,BA27:BB27,BG27:BL27) -> 294792.8 | AG27: =SUM(AG43,AG215) -> 199147.7 | AH27: =SUM(AH43,AH215) -> 49 | AI27: =SUM(AI43,AI215) -> 2 | AJ27: =SUM(AJ43,AJ215) -> 0 | AK27: =SUM(AK43,AK215) -> 51 | AL27: =SUM(AL43,AL215) -> 107 | AM27: =SUM(AM43,AM215) -> 0 | AN27: =SUM(AN43,AN215) -> 0 | ... AR27: =SUM(AR43,AR215) -> 0 | AS27: =SUM(AG27,AH27,AK27,AL27,AO27) -> 275452.4 | AT27: =SUM(AT43,AT215) -> 0 | AU27: =SUM(AV27:AX27) -> 0 | AV27: =SUM(AV43,AV215) -> 0 | AW27: =SUM(AW43,AW215) -> 0 | AX27: =SUM(AX43,AX215) -> 0 | AY27: =SUM(AY43,AY215) -> 2024.4 | AZ27: =SUM(AZ43,AZ215) -> 322 | BA27: =SUM(BA43,BA215) -> 7084.6 | BB27: =SUM(BC27,BD27,BF27) -> 8270.1 | BC27: =SUM(BC43,BC215) -> 0 | BD27: =SUM(BD43,BD215) -> 8249.1 | BE27: =SUM(BE43,BE215) -> 7764 | BF27: =SUM(BF43,BF215) -> 21 | BG27: =SUM(BG43,BG215) -> 0 | BH27: =SUM(BH43,BH215) -> 1596.3 | BI27: =SUM(BI43,BI215) -> 0 | BJ27: =SUM(BJ43,BJ215) -> 8 | BK27: =SUM(BK43,BK215) -> 0 | BL27: =SUM(BM27:BP27) -> 357 | BM27: =SUM(BM43,BM215) -> 0 | BN27: =SUM(BN43,BN215) -> 0 | BO27: =SUM(BO43,BO215) -> 0 | BP27: =SUM(BP43,BP215) -> 357 | BQ27: =SUM(AF27-AS27) -> 19340.4 | BR27: =SUM(BR43,BR215) -> 62 | BS27: =SUM(BS43,BS215) -> 0 | BT27: =SUM(BT43,BT215) -> 40 | BU27: =SUM(BU43,BU215) -> 0 | BV27: =SUM(BV43,BV215) -> 5 | BW27: =SUM(BW43,BW215) -> 0 | BX27: =SUM(BX43,BX215) -> 0 | BY27: =SUM(BY43,BY215) -> 0 | ... CO27: =SUM(CO43,CO215) -> 6500 | CP27: =SUM(CM27,CK27,CO27) -> 170385 | CQ27: =SUM(CQ43,CQ215) -> 27197 | CR27: =SUM(CR43,CR215) -> 0 | CS27: =SUM(CS43,CS215) -> 0 | CT27: =SUM(CT43,CT215) -> 0 | CU27: =SUM(CU43,CU215) -> 0 | CV27: =SUM(CV43,CV215) -> 0 | CW27: =SUM(CW43,CW215) -> 99964 | CX27: =SUM(CX43,CX215) -> 99964 | ... DA27: =SUM(DA43,DA215) -> 0 | DB27: =SUM(CP27,CQ27,DA27) -> 197582 | DC27: =SUM(CO27,CN27) -> 7192 | DD27: =SUM(DD43,DD215) -> 0 | DE27: =SUM(DE43,DE59) -> 51 | DF27: =SUM(DF43,DF59) -> 51 | DG27: =SUM(DB27,DF27) -> 197633 | DH27: =SUM(DC27) -> 7192 | DI27: =SUM(DI43,DI59) -> 0 | DJ27: =SUM(DJ43,DJ59) -> 0 | DK27: =SUM(DK43,DK59) -> 0 | DL27: =SUM(DL43,DL59) -> 0 | DM27: =SUM(DM43,DM59) -> 0 | DN27: =SUM(DN43,DN59) -> 0 | DO27: =SUM(DO43,DO59) -> 0 | DP27: =SUM(DP43,DP59) -> 0 | ... EH27: =SUM(EH43,EH59) -> 0
C28: Тайыншинский | Y28: =SUM(Y44,Y216) -> 458 | AF28: =SUM(AS28:AU28,AY28,BA28:BB28,BG28:BL28) -> 928964 | AG28: =SUM(AG44,AG216) -> 714022 | AH28: =SUM(AH44,AH216) -> 95 | AI28: =SUM(AI44,AI216) -> 54 | AJ28: =SUM(AJ44,AJ216) -> 0 | AK28: =SUM(AK44,AK216) -> 0 | AL28: =SUM(AL44,AL216) -> 181 | AM28: =SUM(AM44,AM216) -> 131 | AN28: =SUM(AN44,AN216) -> 0 | ... AR28: =SUM(AR44,AR216) -> 0 | AS28: =SUM(AG28,AH28,AK28,AL28,AO28) -> 912564 | AT28: =SUM(AT44,AT216) -> 0 | AU28: =SUM(AV28:AX28) -> 7 | AV28: =SUM(AV44,AV216) -> 7 | AW28: =SUM(AW44,AW216) -> 0 | AX28: =SUM(AX44,AX216) -> 0 | AY28: =SUM(AY44,AY216) -> 3140 | AZ28: =SUM(AZ44,AZ216) -> 792 | BA28: =SUM(BA44,BA216) -> 2316 | BB28: =SUM(BC28,BD28,BF28) -> 4443 | BC28: =SUM(BC44,BC216) -> 150 | BD28: =SUM(BD44,BD216) -> 3873 | BE28: =SUM(BE44,BE216) -> 0 | BF28: =SUM(BF44,BF216) -> 420 | BG28: =SUM(BG44,BG216) -> 0 | BH28: =SUM(BH44,BH216) -> 3235 | BI28: =SUM(BI44,BI216) -> 0 | BJ28: =SUM(BJ44,BJ216) -> 76 | BK28: =SUM(BK44,BK216) -> 0 | BL28: =SUM(BM28:BP28) -> 3183 | BM28: =SUM(BM44,BM216) -> 0 | BN28: =SUM(BN44,BN216) -> 0 | BO28: =SUM(BO44,BO216) -> 0 | BP28: =SUM(BP44,BP216) -> 3183 | BQ28: =SUM(AF28-AS28) -> 16400 | BR28: =SUM(BR44,BR216) -> 2267 | BS28: =SUM(BS44,BS216) -> 0 | BT28: =SUM(BT44,BT216) -> 2164 | BU28: =SUM(BU44,BU216) -> 0 | BV28: =SUM(BV44,BV216) -> 0 | BW28: =SUM(BW44,BW216) -> 0 | BX28: =SUM(BX44,BX216) -> 0 | BY28: =SUM(BY44,BY216) -> 0 | ... CO28: =SUM(CO44,CO216) -> 44282 | CP28: =SUM(CM28,CK28,CO28) -> 639748 | CQ28: =SUM(CQ44,CQ216) -> 75509 | CR28: =SUM(CR44,CR216) -> 0 | CS28: =SUM(CS44,CS216) -> 0 | CT28: =SUM(CT44,CT216) -> 0 | CU28: =SUM(CU44,CU216) -> 0 | CV28: =SUM(CV44,CV216) -> 0 | CW28: =SUM(CW44,CW216) -> 0 | CX28: =SUM(CX44,CX216) -> 0 | ... DA28: =SUM(DA44,DA216) -> 0 | DB28: =SUM(CP28,CQ28,DA28) -> 715257 | DC28: =SUM(CO28,CN28) -> 47741 | DD28: =SUM(DD44,DD216) -> 0 | DE28: =SUM(DE44,DE60) -> 0 | DF28: =SUM(DF44,DF60) -> 0 | DG28: =SUM(DB28,DF28) -> 715257 | DH28: =SUM(DC28) -> 47741 | DI28: =SUM(DI44,DI60) -> 0 | DJ28: =SUM(DJ44,DJ60) -> 0 | DK28: =SUM(DK44,DK60) -> 0 | DL28: =SUM(DL44,DL60) -> 0 | DM28: =SUM(DM44,DM60) -> 0 | DN28: =SUM(DN44,DN60) -> 0 | DO28: =SUM(DO44,DO60) -> 0 | DP28: =SUM(DP44,DP60) -> 0 | ... EH28: =SUM(EH44,EH60) -> 0
C29: Тимирязевский | Y29: =SUM(Y45,Y217) -> 335 | AF29: =SUM(AS29:AU29,AY29,BA29:BB29,BG29:BL29) -> 366946 | AG29: =SUM(AG45,AG217) -> 300675 | AH29: =SUM(AH45,AH217) -> 7 | AI29: =SUM(AI45,AI217) -> 5 | AJ29: =SUM(AJ45,AJ217) -> 0 | AK29: =SUM(AK45,AK217) -> 0 | AL29: =SUM(AL45,AL217) -> 0 | AM29: =SUM(AM45,AM217) -> 0 | AN29: =SUM(AN45,AN217) -> 0 | ... AR29: =SUM(AR45,AR217) -> 0 | AS29: =SUM(AG29,AH29,AK29,AL29,AO29) -> 358120 | AT29: =SUM(AT45,AT217) -> 0 | AU29: =SUM(AV29:AX29) -> 0 | AV29: =SUM(AV45,AV217) -> 0 | AW29: =SUM(AW45,AW217) -> 0 | AX29: =SUM(AX45,AX217) -> 0 | AY29: =SUM(AY45,AY217) -> 4874 | AZ29: =SUM(AZ45,AZ217) -> 167 | BA29: =SUM(BA45,BA217) -> 977 | BB29: =SUM(BC29,BD29,BF29) -> 932 | BC29: =SUM(BC45,BC217) -> 6 | BD29: =SUM(BD45,BD217) -> 857 | BE29: =SUM(BE45,BE217) -> 751 | BF29: =SUM(BF45,BF217) -> 69 | BG29: =SUM(BG45,BG217) -> 0 | BH29: =SUM(BH45,BH217) -> 1449 | BI29: =SUM(BI45,BI217) -> 0 | BJ29: =SUM(BJ45,BJ217) -> 5 | BK29: =SUM(BK45,BK217) -> 0 | BL29: =SUM(BM29:BP29) -> 589 | BM29: =SUM(BM45,BM217) -> 0 | BN29: =SUM(BN45,BN217) -> 0 | BO29: =SUM(BO45,BO217) -> 0 | BP29: =SUM(BP45,BP217) -> 589 | BQ29: =SUM(AF29-AS29) -> 8826 | BR29: =SUM(BR45,BR217) -> 0 | BS29: =SUM(BS45,BS217) -> 0 | BT29: =SUM(BT45,BT217) -> 0 | BU29: =SUM(BU45,BU217) -> 0 | BV29: =SUM(BV45,BV217) -> 0 | BW29: =SUM(BW45,BW217) -> 0 | BX29: =SUM(BX45,BX217) -> 0 | BY29: =SUM(BY45,BY217) -> 0 | ... CO29: =SUM(CO45,CO217) -> 12227 | CP29: =SUM(CM29,CK29,CO29) -> 259398 | CQ29: =SUM(CQ45,CQ217) -> 35329 | CR29: =SUM(CR45,CR217) -> 0 | CS29: =SUM(CS45,CS217) -> 0 | CT29: =SUM(CT45,CT217) -> 0 | CU29: =SUM(CU45,CU217) -> 0 | CV29: =SUM(CV45,CV217) -> 0 | CW29: =SUM(CW45,CW217) -> 0 | CX29: =SUM(CX45,CX217) -> 0 | ... DA29: =SUM(DA45,DA217) -> 0 | DB29: =SUM(CP29,CQ29,DA29) -> 294727 | DC29: =SUM(CO29,CN29) -> 12730 | DD29: =SUM(DD45,DD217) -> 0 | DE29: =SUM(DE45,DE61) -> 0 | DF29: =SUM(DF45,DF61) -> 0 | DG29: =SUM(DB29,DF29) -> 294727 | DH29: =SUM(DC29) -> 12730 | DI29: =SUM(DI45,DI61) -> 0 | DJ29: =SUM(DJ45,DJ61) -> 0 | DK29: =SUM(DK45,DK61) -> 0 | DL29: =SUM(DL45,DL61) -> 0 | DM29: =SUM(DM45,DM61) -> 0 | DN29: =SUM(DN45,DN61) -> 0 | DO29: =SUM(DO45,DO61) -> 0 | DP29: =SUM(DP45,DP61) -> 0 | ... EH29: =SUM(EH45,EH61) -> 0
C30: Уалихановский | Y30: =SUM(Y46,Y218) -> 267 | AF30: =SUM(AS30:AU30,AY30,BA30:BB30,BG30:BL30) -> 954733 | AG30: =SUM(AG46,AG218) -> 339848 | AH30: =SUM(AH46,AH218) -> 32 | AI30: =SUM(AI46,AI218) -> 17 | AJ30: =SUM(AJ46,AJ218) -> 0 | AK30: =SUM(AK46,AK218) -> 40729 | AL30: =SUM(AL46,AL218) -> 328 | AM30: =SUM(AM46,AM218) -> 0 | AN30: =SUM(AN46,AN218) -> 0 | ... AR30: =SUM(AR46,AR218) -> 0 | AS30: =SUM(AG30,AH30,AK30,AL30,AO30) -> 911604 | AT30: =SUM(AT46,AT218) -> 0 | AU30: =SUM(AV30:AX30) -> 0 | AV30: =SUM(AV46,AV218) -> 0 | AW30: =SUM(AW46,AW218) -> 0 | AX30: =SUM(AX46,AX218) -> 0 | AY30: =SUM(AY46,AY218) -> 2139 | AZ30: =SUM(AZ46,AZ218) -> 395 | BA30: =SUM(BA46,BA218) -> 2257 | BB30: =SUM(BC30,BD30,BF30) -> 5909 | BC30: =SUM(BC46,BC218) -> 931 | BD30: =SUM(BD46,BD218) -> 4639 | BE30: =SUM(BE46,BE218) -> 0 | BF30: =SUM(BF46,BF218) -> 339 | BG30: =SUM(BG46,BG218) -> 0 | BH30: =SUM(BH46,BH218) -> 2867 | BI30: =SUM(BI46,BI218) -> 0 | BJ30: =SUM(BJ46,BJ218) -> 0 | BK30: =SUM(BK46,BK218) -> 0 | BL30: =SUM(BM30:BP30) -> 29957 | BM30: =SUM(BM46,BM218) -> 0 | BN30: =SUM(BN46,BN218) -> 0 | BO30: =SUM(BO46,BO218) -> 0 | BP30: =SUM(BP46,BP218) -> 29957 | BQ30: =SUM(AF30-AS30) -> 43129 | BR30: =SUM(BR46,BR218) -> 0 | BS30: =SUM(BS46,BS218) -> 0 | BT30: =SUM(BT46,BT218) -> 0 | BU30: =SUM(BU46,BU218) -> 0 | BV30: =SUM(BV46,BV218) -> 0 | BW30: =SUM(BW46,BW218) -> 0 | BX30: =SUM(BX46,BX218) -> 0 | BY30: =SUM(BY46,BY218) -> 0 | ... CO30: =SUM(CO46,CO218) -> 29591 | CP30: =SUM(CM30,CK30,CO30) -> 203182 | CQ30: =SUM(CQ46,CQ218) -> 34626 | CR30: =SUM(CR46,CR218) -> 0 | CS30: =SUM(CS46,CS218) -> 0 | CT30: =SUM(CT46,CT218) -> 0 | CU30: =SUM(CU46,CU218) -> 0 | CV30: =SUM(CV46,CV218) -> 0 | CW30: =SUM(CW46,CW218) -> 4053 | CX30: =SUM(CX46,CX218) -> 0 | ... DA30: =SUM(DA46,DA218) -> 81046 | DB30: =SUM(CP30,CQ30,DA30) -> 318854 | DC30: =SUM(CO30,CN30) -> 29591 | DD30: =SUM(DD46,DD218) -> 0 | DE30: =SUM(DE46,DE62) -> 0 | DF30: =SUM(DF46,DF62) -> 0 | DG30: =SUM(DB30,DF30) -> 318854 | DH30: =SUM(DC30) -> 29591 | DI30: =SUM(DI46,DI62) -> 0 | DJ30: =SUM(DJ46,DJ62) -> 0 | DK30: =SUM(DK46,DK62) -> 0 | DL30: =SUM(DL46,DL62) -> 0 | DM30: =SUM(DM46,DM62) -> 0 | DN30: =SUM(DN46,DN62) -> 0 | DO30: =SUM(DO46,DO62) -> 0 | DP30: =SUM(DP46,DP62) -> 0 | ... EH30: =SUM(EH46,EH62) -> 0
C31: Шал акына | Y31: =SUM(Y47,Y219) -> 246 | AF31: =SUM(AS31:AU31,AY31,BA31:BB31,BG31:BL31) -> 346149 | AG31: =SUM(AG47,AG219) -> 266344 | AH31: =SUM(AH47,AH219) -> 62 | AI31: =SUM(AI47,AI219) -> 19 | AJ31: =SUM(AJ47,AJ219) -> 0 | AK31: =SUM(AK47,AK219) -> 0 | AL31: =SUM(AL47,AL219) -> 897 | AM31: =SUM(AM47,AM219) -> 696 | AN31: =SUM(AN47,AN219) -> 0 | ... AR31: =SUM(AR47,AR219) -> 0 | AS31: =SUM(AG31,AH31,AK31,AL31,AO31) -> 340000 | AT31: =SUM(AT47,AT219) -> 0 | AU31: =SUM(AV31:AX31) -> 0 | AV31: =SUM(AV47,AV219) -> 0 | AW31: =SUM(AW47,AW219) -> 0 | AX31: =SUM(AX47,AX219) -> 0 | AY31: =SUM(AY47,AY219) -> 1812 | AZ31: =SUM(AZ47,AZ219) -> 194 | BA31: =SUM(BA47,BA219) -> 1248 | BB31: =SUM(BC31,BD31,BF31) -> 981 | BC31: =SUM(BC47,BC219) -> 339 | BD31: =SUM(BD47,BD219) -> 610 | BE31: =SUM(BE47,BE219) -> 8 | BF31: =SUM(BF47,BF219) -> 32 | BG31: =SUM(BG47,BG219) -> 0 | BH31: =SUM(BH47,BH219) -> 1687 | BI31: =SUM(BI47,BI219) -> 0 | BJ31: =SUM(BJ47,BJ219) -> 17 | BK31: =SUM(BK47,BK219) -> 0 | BL31: =SUM(BM31:BP31) -> 404 | BM31: =SUM(BM47,BM219) -> 0 | BN31: =SUM(BN47,BN219) -> 0 | BO31: =SUM(BO47,BO219) -> 0 | BP31: =SUM(BP47,BP219) -> 404 | BQ31: =SUM(AF31-AS31) -> 6149 | BR31: =SUM(BR47,BR219) -> 7176 | BS31: =SUM(BS47,BS219) -> 0 | BT31: =SUM(BT47,BT219) -> 6637 | BU31: =SUM(BU47,BU219) -> 0 | BV31: =SUM(BV47,BV219) -> 0 | BW31: =SUM(BW47,BW219) -> 0 | BX31: =SUM(BX47,BX219) -> 0 | BY31: =SUM(BY47,BY219) -> 0 | ... CO31: =SUM(CO47,CO219) -> 496 | CP31: =SUM(CM31,CK31,CO31) -> 229013 | CQ31: =SUM(CQ47,CQ219) -> 38977 | CR31: =SUM(CR47,CR219) -> 0 | CS31: =SUM(CS47,CS219) -> 0 | CT31: =SUM(CT47,CT219) -> 0 | CU31: =SUM(CU47,CU219) -> 0 | CV31: =SUM(CV47,CV219) -> 0 | CW31: =SUM(CW47,CW219) -> 98000 | CX31: =SUM(CX47,CX219) -> 0 | ... DA31: =SUM(DA47,DA219) -> 0 | DB31: =SUM(CP31,CQ31) -> 267990 | DC31: =SUM(CO31,CN31) -> 496 | DD31: =SUM(DD47,DD219) -> 0 | DE31: =SUM(DE47,DE63) -> 0 | DF31: =SUM(DF47,DF63) -> 0 | DG31: =SUM(DB31,DF31) -> 267990 | DH31: =SUM(DC31) -> 496 | DI31: =SUM(DI47,DI63) -> 0 | DJ31: =SUM(DJ47,DJ63) -> 0 | DK31: =SUM(DK47,DK63) -> 0 | DL31: =SUM(DL47,DL63) -> 0 | DM31: =SUM(DM47,DM63) -> 0 | DN31: =SUM(DN47,DN63) -> 0 | DO31: =SUM(DO47,DO63) -> 0 | DP31: =SUM(DP47,DP63) -> 0 | ... EH31: =SUM(EH47,EH63) -> 0
C32: г.Петропавловск | Y32: =SUM(Y48,Y220) -> 0 | AF32: =SUM(AS32:AU32,AY32,BA32:BB32,BG32:BL32) -> 0 | AG32: =SUM(AG48,AG220) -> 0 | AH32: =SUM(AH48,AH220) -> 0 | AI32: =SUM(AI48,AI220) -> 0 | AJ32: =SUM(AJ48,AJ220) -> 0 | AK32: =SUM(AK48,AK220) -> 0 | AL32: =SUM(AL48,AL220) -> 0 | AM32: =SUM(AM48,AM220) -> 0 | AN32: =SUM(AN48,AN220) -> 0 | ... AR32: =SUM(AR48,AR220) -> 0 | AS32: =SUM(AG32,AH32,AK32,AL32,AO32) -> 0 | AT32: =SUM(AT48,AT220) -> 0 | AU32: =SUM(AV32:AX32) -> 0 | AV32: =SUM(AV48,AV220) -> 0 | AW32: =SUM(AW48,AW220) -> 0 | AX32: =SUM(AX48,AX220) -> 0 | AY32: =SUM(AY48,AY220) -> 0 | AZ32: =SUM(AZ48,AZ220) -> 0 | BA32: =SUM(BA48,BA220) -> 0 | BB32: =SUM(BC32,BD32,BF32) -> 0 | BC32: =SUM(BC48,BC220) -> 0 | BD32: =SUM(BD48,BD220) -> 0 | BE32: =SUM(BE48,BE220) -> 0 | BF32: =SUM(BF48,BF220) -> 0 | BG32: =SUM(BG48,BG220) -> 0 | BH32: =SUM(BH48,BH220) -> 0 | BI32: =SUM(BI48,BI220) -> 0 | BJ32: =SUM(BJ48,BJ220) -> 0 | BK32: =SUM(BK48,BK220) -> 0 | BL32: =SUM(BM32:BP32) -> 0 | BM32: =SUM(BM48,BM220) -> 0 | BN32: =SUM(BN48,BN220) -> 0 | BO32: =SUM(BO48,BO220) -> 0 | BP32: =SUM(BP48,BP220) -> 0 | BQ32: =SUM(AF32-AS32) -> 0 | BR32: =SUM(BR48,BR220) -> 0 | BS32: =SUM(BS48,BS220) -> 0 | BT32: =SUM(BT48,BT220) -> 0 | BU32: =SUM(BU48,BU220) -> 0 | BV32: =SUM(BV48,BV220) -> 0 | BW32: =SUM(BW48,BW220) -> 0 | BX32: =SUM(BX48,BX220) -> 0 | BY32: =SUM(BY48,BY220) -> 0 | ... CH32: =SUM(CH48,CH220) -> 0 | CI32: =SUM(CI48,CI64) -> 0 | CJ32: =SUM(CJ48,CJ64) -> 0 | CK32: =SUM(CK48,CK220) -> 0 | CL32: =SUM(CL48,CL220) -> 0 | CM32: =SUM(CM48,CM220) -> 0 | CN32: =SUM(CN48,CN220) -> 0 | CO32: =SUM(CO48,CO220) -> 0 | CP32: =SUM(CM32,CK32,CO32) -> 0 | CQ32: =SUM(CQ48,CQ220) -> 0 | CR32: =SUM(CR48,CR220) -> 0 | CS32: =SUM(CS48,CS220) -> 0 | CT32: =SUM(CT48,CT220) -> 0 | CU32: =SUM(CU48,CU220) -> 0 | CV32: =SUM(CV48,CV220) -> 0 | CW32: =SUM(CW48,CW220) -> 0 | CX32: =SUM(CX48,CX220) -> 0 | ... DA32: =SUM(DA48,DA220) -> 0 | DB32: =SUM(CP32,CQ32) -> 0 | DC32: =SUM(CO32,CN32) -> 0 | DD32: =SUM(DD48,DD220) -> 0 | DE32: =SUM(DE48,DE64) -> 0 | DF32: =SUM(DF48,DF64) -> 0 | DG32: =SUM(DB32,DF32) -> 0 | DH32: =SUM(DC32) -> 0 | DI32: =SUM(DI48,DI64) -> 0 | DJ32: =SUM(DJ48,DJ64) -> 0 | DK32: =SUM(DK48,DK64) -> 0 | DL32: =SUM(DL48,DL64) -> 0 | DM32: =SUM(DM48,DM64) -> 0 | DN32: =SUM(DN48,DN64) -> 0 | DO32: =SUM(DO48,DO64) -> 0 | DP32: =SUM(DP48,DP64) -> 0 | ... EH32: =SUM(EH48,EH64) -> 0
B33: 1.1 | C33: Азаматтардың жері: Земли граждан: | Y33: =SUM(Y49,Y65,Y80,Y96,Y112,Y127,Y142,Y159) -> 3081 | AF33: =SUM(AS33:AU33,AY33,BA33:BB33,BG33:BL33) -> 1662.5 | AG33: =SUM(AG49,AG65,AG80,AG96,AG112,AG127,AG142,AG159) -> 993.6 | AH33: =SUM(AH49,AH65,AH80,AH96,AH112,AH127,AH142,AH159) -> 0.2 | AI33: =SUM(AI49,AI65,AI80,AI96,AI112,AI127,AI142,AI159) -> 0.1 | AJ33: =SUM(AJ49,AJ65,AJ80,AJ96,AJ112,AJ127,AJ142,AJ159) -> 0 | AK33: =SUM(AK49,AK65,AK80,AK96,AK112,AK127,AK142,AK159) -> 0.1 | AL33: =SUM(AL49,AL65,AL80,AL96,AL112,AL127,AL142,AL159) -> 4.5 | AM33: =SUM(AM49,AM65,AM80,AM96,AM112,AM127,AM142,AM159) -> 1.2 | AN33: =SUM(AN49,AN65,AN80,AN96,AN112,AN127,AN142,AN159) -> 0 | ... AQ33: =SUM(AQ49,AQ65,AQ80,AQ96,AQ112,AQ127,AQ142,AQ159) -> 179.9 | AR33: =SUM(AR49,AR65,AR112,AR159) -> 0 | AS33: =SUM(AG33,AH33,AK33,AL33,AO33) -> 1606.5 | AT33: =SUM(AT49,AT65,AT112,AT159) -> 0 | AU33: =SUM(AU49,AU65,AU112,AU159) -> 0 | AV33: =SUM(AV49,AV65,AV112,AV159) -> 0 | AW33: =SUM(AW49,AW65,AW112,AW159) -> 0 | AX33: =SUM(AX49,AX65,AX112,AX159) -> 0 | AY33: =SUM(AY49,AY65,AY112,AY159) -> 9.7 | AZ33: =SUM(AZ49,AZ65,AZ112,AZ159) -> 1.7 | BA33: =SUM(BA49,BA65,BA112,BA159) -> 9.4 | BB33: =SUM(BC33,BD33,BF33) -> 14 | BC33: =SUM(BC49,BC65,BC112,BC159) -> 1.1 | BD33: =SUM(BD49,BD65,BD112,BD159) -> 12.2 | BE33: =SUM(BE49,BE65,BE112,BE159) -> 6.6 | BF33: =SUM(BF49,BF65,BF112,BF159) -> 0.7 | BG33: =SUM(BG49,BG65,BG112,BG159) -> 0 | BH33: =SUM(BH49,BH65,BH112,BH159) -> 6.5 | BI33: =SUM(BI49,BI65,BI112,BI159) -> 0 | BJ33: =SUM(BJ49,BJ65,BJ112,BJ159) -> 0.3 | BK33: =SUM(BK49,BK65,BK112,BK159) -> 0.1 | BL33: =SUM(BM33:BP33) -> 16 | BM33: =SUM(BM49,BM65,BM112,BM159) -> 0 | BN33: =SUM(BN49,BN65,BN112,BN159) -> 0 | BO33: =SUM(BO49,BO65,BO112,BO159) -> 0 | BP33: =SUM(BP49,BP65,BP112,BP159) -> 16 | BQ33: =SUM(AU33,AY33,BA33,BB33,BG33,BH33,BI33,BJ33,BK33,BL33) -> 56 | BR33: =SUM(BR49,BR65,BR112,BR159) -> 3 | BS33: =SUM(BS49,BS65,BS112,BS159) -> 0 | BT33: =SUM(BT49,BT65,BT112,BT159) -> 1.6 | BU33: =SUM(BU49,BU65,BU112,BU159) -> 0 | BV33: =SUM(BV49,BV65,BV112,BV159) -> 0 | BW33: =SUM(BW49,BW65,BW112,BW159) -> 0 | BX33: =SUM(BX49,BX65,BX112,BX159) -> 0 | BY33: =SUM(BY49,BY65,BY112,BY159) -> 0 | ... CH33: =SUM(CH49,CH65,CH112,CH159) -> 3 | CK33: =SUM(CK49,CK65,CK112,CK159,CK96) -> 0.4 | CL33: =SUM(CL49,CL65,CL112,CL159,CL96) -> 0 | CM33: =SUM(CM49,CM65,CM112,CM159,CM96) -> 946.8 | CN33: =SUM(CN49,CN65,CN112,CN159,CN96) -> 1 | CO33: =SUM(CO49,CO65,CO112,CO159,CO96) -> 47.2 | CP33: =SUM(CM33,CK33,CO33) -> 994.4 | CQ33: =SUM(CQ49,CQ65,CQ112,CQ159,CQ96) -> 55.3 | CR33: =SUM(CR49,CR65,CR112,CR159,CR96) -> 0.3 | CS33: =SUM(CS49,CS65,CS112,CS159,CS96) -> 0 | CT33: =SUM(CT49,CT65,CT112,CT159,CT96) -> 0 | CU33: =SUM(CU49,CU65,CU112,CU159,CU96) -> 0 | CV33: =SUM(CV49,CV65,CV112,CV159,CV96) -> 0 | CW33: =SUM(CW49,CW65,CW112,CW159,CW96) -> 150.3 | CX33: =SUM(CX49,CX65,CX112,CX159,CX96) -> 119.3 | ... DA33: =SUM(DA49,DA65,DA112,DA159,DA96) -> 0 | DB33: =SUM(CP33,CQ33) -> 1049.7 | DC33: =SUM(CO33,CN33) -> 48.2 | DD33: =SUM(DD49,DD65,DD112,DD159,DD96) -> 0 | DE33: =SUM(DE49,DE65,DE112,DE159,DE96) -> 0.1 | DF33: =SUM(DF49,DF65,DF112,DF159,DF96) -> 0.1 | DG33: =SUM(DB33,DF33) -> 1049.8 | DH33: =SUM(DC33) -> 48.2
Y34: =SUM(Y50,Y66,Y81,Y97,Y113,Y128,Y144,Y160) -> 3081 | AF34: =SUM(AS34:AU34,AY34,BA34:BB34,BG34:BL34) -> 1662521.5 | AG34: =SUM(AG35:AG48) -> 993651.3 | AH34: =SUM(AH35:AH48) -> 259 | AI34: =SUM(AI35:AI48) -> 108 | AJ34: =SUM(AJ35:AJ48) -> 2 | AK34: =SUM(AK35:AK48) -> 51 | AL34: =SUM(AL35:AL48) -> 4443 | AM34: =SUM(AM35:AM48) -> 1173 | AN34: =SUM(AN35:AN48) -> 0 | ... AR34: =SUM(AR35:AR48) -> 0 | AS34: =SUM(AG34,AH34,AK34,AL34,AO34) -> 1606495.7 | AT34: =SUM(AT35:AT48) -> 0 | AU34: =SUM(AU35:AU48) -> 1 | AV34: =SUM(AV35:AV48) -> 1 | AW34: =SUM(AW35:AW48) -> 0 | AX34: =SUM(AX35:AX48) -> 0 | AY34: =SUM(AY35:AY48) -> 9620 | AZ34: =SUM(AZ35:AZ48) -> 1731 | BA34: =SUM(BA35:BA48) -> 9429 | BB34: =SUM(BC34,BD34,BF34) -> 14051.1 | BC34: =SUM(BC35:BC48) -> 1089 | BD34: =SUM(BD35:BD48) -> 12239.1 | BE34: =SUM(BE35:BE48) -> 6589 | BF34: =SUM(BF35:BF48) -> 723 | BG34: =SUM(BG35:BG48) -> 11 | BH34: =SUM(BH35:BH48) -> 6516.7 | BI34: =SUM(BI35:BI48) -> 10 | BJ34: =SUM(BJ35:BJ48) -> 293 | BK34: =SUM(BK35:BK48) -> 77 | BL34: =SUM(BM34:BP34) -> 16017 | BM34: =SUM(BM35:BM48) -> 5 | BN34: =SUM(BN35:BN48) -> 9 | BO34: =SUM(BO35:BO48) -> 0 | BP34: =SUM(BP35:BP48) -> 16003 | BQ34: =SUM(AU34,AY34,BA34,BB34,BG34,BH34,BI34,BJ34,BK34,BL34) -> 56025.8 | BR34: =SUM(BR35:BR48) -> 2979 | BS34: =SUM(BS35:BS48) -> 0 | BT34: =SUM(BT35:BT48) -> 1627 | BU34: =SUM(BU35:BU48) -> 0 | BV34: =SUM(BV35:BV48) -> 5 | BW34: =SUM(BW35:BW48) -> 0 | BX34: =SUM(BX35:BX48) -> 0 | BY34: =SUM(BY35:BY48) -> 0 | ... CJ34: =SUM(CJ35:CJ48) -> 2 | CK34: =SUM(CK50,CK66,CK113,CK160,CK97) -> 399 | CL34: =SUM(CL50,CL66,CL113,CL160,CL97) -> 0 | CM34: =SUM(CM50,CM66,CM113,CM160,CM97) -> 946798.5 | CN34: =SUM(CN50,CN66,CN113,CN160,CN97) -> 975 | CO34: =SUM(CO50,CO66,CO113,CO160,CO97) -> 47215 | CP34: =SUM(CM34,CK34,CO34) -> 994412.5 | CQ34: =SUM(CQ50,CQ66,CQ113,CQ160,CQ97) -> 55267.5 | CR34: =SUM(CR50,CR66,CR113,CR160,CR97) -> 333 | CS34: =SUM(CS50,CS66,CS113,CS160,CS97) -> 0 | CT34: =SUM(CT50,CT66,CT113,CT160,CT97) -> 0 | CU34: =SUM(CU50,CU66,CU113,CU160,CU97) -> 0 | CV34: =SUM(CV50,CV66,CV113,CV160,CV97) -> 0 | CW34: =SUM(CW50,CW66,CW113,CW160,CW97) -> 150303 | CX34: =SUM(CX50,CX66,CX113,CX160,CX97) -> 119303 | ... DA34: =SUM(DA50,DA66,DA113,DA160,DA97) -> 0 | DB34: =SUM(CP34,CQ34) -> 1049680 | DC34: =SUM(CO34,CN34) -> 48190 | DD34: =SUM(DD50,DD66,DD113,DD160,DD97) -> 0 | DE34: =SUM(DE50,DE66,DE113,DE160,DE97) -> 51 | DF34: =SUM(DF50,DF66,DF113,DF160,DF97) -> 51 | DG34: =SUM(DB34,DF34) -> 1049731 | DH34: =SUM(DC34) -> 48190
C35: Айыртауский | Y35: =SUM(Y51,Y67,Y82,Y98,Y114,Y129,Y145,Y161) -> 263 | AF35: =SUM(AS35:AU35,AY35,BA35:BB35,BG35:BL35) -> 95077 | AG35: =SUM(AG51,AG67,AG114,AG161,AG98) -> 57855 | AH35: =SUM(AH51,AH67,AH114,AH161,AH98) -> 30 | AI35: =SUM(AI51,AI67,AI114,AI161,AI98) -> 18 | AJ35: =SUM(AJ51,AJ67,AJ114,AJ161,AJ98) -> 0 | AK35: =SUM(AK51,AK67,AK114,AK161,AK98) -> 0 | AL35: =SUM(AL51,AL67,AL114,AL161,AL98) -> 0 | AM35: =SUM(AM51,AM67,AM114,AM161,AM98) -> 0 | AN35: =SUM(AN51,AN67,AN114,AN161,AN98) -> 0 | ... AQ35: =SUM(AQ51,AQ67,AQ114,AQ161,AQ98) -> 8032 | AR35: =SUM(AR51,AR67,AR114,AR161) -> 0 | AS35: =SUM(AG35,AH35,AK35,AL35,AO35) -> 92158 | AT35: =SUM(AT51,AT67,AT114,AT161,AT98) -> 0 | AU35: =SUM(AU51,AU67,AU114,AU161,AU98) -> 0 | AV35: =SUM(AV51,AV67,AV114,AV161,AV98) -> 0 | AW35: =SUM(AW51,AW67,AW114,AW161,AW98) -> 0 | AX35: =SUM(AX51,AX67,AX114,AX161,AX98) -> 0 | AY35: =SUM(AY51,AY67,AY114,AY161,AY98) -> 647 | AZ35: =SUM(AZ51,AZ67,AZ114,AZ161,AZ98) -> 408 | BA35: =SUM(BA51,BA67,BA114,BA161,BA98) -> 839 | BB35: =SUM(BC35,BD35,BF35) -> 715 | BC35: =SUM(BC51,BC67,BC114,BC161,BC98) -> 102 | BD35: =SUM(BD51,BD67,BD114,BD161,BD98) -> 562 | BE35: =SUM(BE51,BE67,BE114,BE161,BE98) -> 63 | BF35: =SUM(BF51,BF67,BF114,BF161,BF98) -> 51 | BG35: =SUM(BG51,BG67,BG114,BG161,BG98) -> 0 | BH35: =SUM(BH51,BH67,BH114,BH161,BH98) -> 432 | BI35: =SUM(BI51,BI67,BI114,BI161,BI98) -> 9 | BJ35: =SUM(BJ51,BJ67,BJ114,BJ161,BJ98) -> 96 | BK35: =SUM(BK51,BK67,BK114,BK161,BK98) -> 35 | BL35: =SUM(BM35:BP35) -> 146 | BM35: =SUM(BM51,BM67,BM114,BM161,BM98) -> 5 | BN35: =SUM(BN51,BN67,BN114,BN161,BN98) -> 9 | BO35: =SUM(BO51,BO67,BO114,BO161,BO98) -> 0 | BP35: =SUM(BP51,BP67,BP114,BP161,BP98) -> 132 | BQ35: =SUM(AU35,AY35,BA35,BB35,BG35,BH35,BI35,BJ35,BK35,BL35) -> 2919 | BR35: =SUM(BR51,BR67,BR114,BR161,BR98) -> 36 | BS35: =SUM(BS51,BS67,BS114,BS161,BS98) -> 0 | BT35: =SUM(BT51,BT67,BT114,BT161,BT98) -> 36 | BU35: =SUM(BU51,BU67,BU114,BU161,BU98) -> 0 | BV35: =SUM(BV51,BV67,BV114,BV161,BV98) -> 0 | BW35: =SUM(BW51,BW67,BW114,BW161,BW98) -> 0 | BX35: =SUM(BX51,BX67,BX114,BX161,BX98) -> 0 | BY35: =SUM(BY51,BY67,BY114,BY161,BY98) -> 0 | ... CO35: =SUM(CO51,CO67,CO114,CO161,CO98) -> 0 | CP35: =SUM(CM35,CK35,CO35) -> 57131 | CQ35: =SUM(CQ51,CQ67,CQ114,CQ161,CQ98) -> 0 | CR35: =SUM(CR51,CR67,CR114,CR161,CR98) -> 0 | CS35: =SUM(CS51,CS67,CS114,CS161,CS98) -> 0 | CT35: =SUM(CT51,CT67,CT114,CT161,CT98) -> 0 | CU35: =SUM(CU51,CU67,CU114,CU161,CU98) -> 0 | CV35: =SUM(CV51,CV67,CV114,CV161,CV98) -> 0 | CW35: =SUM(CW51,CW67,CW114,CW161,CW98) -> 0 | CX35: =SUM(CX51,CX67,CX114,CX161,CX98) -> 0 | ... DA35: =SUM(DA51,DA67,DA114,DA161,DA98) -> 0 | DB35: =SUM(CP35,CQ35) -> 57131 | DC35: =SUM(CO35,CN35) -> 515 | DG35: =SUM(DB35,DF35) -> 57131 | DH35: =SUM(DC35) -> 515
C36: Акжарский | Y36: =SUM(Y52,Y68,Y83,Y99,Y115,Y130,Y146,Y162) -> 233 | AF36: =SUM(AS36:AU36,AY36,BA36:BB36,BG36:BL36) -> 219485 | AG36: =SUM(AG52,AG68,AG115,AG162,AG99) -> 140424 | AH36: =SUM(AH52,AH68,AH115,AH162,AH99) -> 2 | AI36: =SUM(AI52,AI68,AI115,AI162,AI99) -> 2 | AJ36: =SUM(AJ52,AJ68,AJ115,AJ162,AJ99) -> 0 | AK36: =SUM(AK52,AK68,AK115,AK162,AK99) -> 0 | AL36: =SUM(AL52,AL68,AL115,AL162,AL99) -> 59 | AM36: =SUM(AM52,AM68,AM115,AM162,AM99) -> 0 | AN36: =SUM(AN52,AN68,AN115,AN162,AN99) -> 0 | ... AQ36: =SUM(AQ52,AQ68,AQ115,AQ162,AQ99) -> 15437 | AR36: =SUM(AR52,AR68,AR83,AR99,AR115,AR130,AR146,AR162) -> 0 | AS36: =SUM(AG36,AH36,AK36,AL36,AO36) -> 217686 | AT36: =SUM(AT52,AT68,AT115,AT162,AT99) -> 0 | AU36: =SUM(AU52,AU68,AU115,AU162,AU99) -> 0 | AV36: =SUM(AV52,AV68,AV115,AV162,AV99) -> 0 | AW36: =SUM(AW52,AW68,AW115,AW162,AW99) -> 0 | AX36: =SUM(AX52,AX68,AX115,AX162,AX99) -> 0 | AY36: =SUM(AY52,AY68,AY115,AY162,AY99) -> 273 | AZ36: =SUM(AZ52,AZ68,AZ115,AZ162,AZ99) -> 172 | BA36: =SUM(BA52,BA68,BA115,BA162,BA99) -> 116 | BB36: =SUM(BC36,BD36,BF36) -> 379 | BC36: =SUM(BC52,BC68,BC115,BC162,BC99) -> 100 | BD36: =SUM(BD52,BD68,BD115,BD162,BD99) -> 76 | BE36: =SUM(BE52,BE68,BE115,BE162,BE99) -> 0 | BF36: =SUM(BF52,BF68,BF115,BF162,BF99) -> 203 | BG36: =SUM(BG52,BG68,BG115,BG162,BG99) -> 0 | BH36: =SUM(BH52,BH68,BH115,BH162,BH99) -> 714 | BI36: =SUM(BI52,BI68,BI115,BI162,BI99) -> 0 | BJ36: =SUM(BJ52,BJ68,BJ115,BJ162,BJ99) -> 76 | BK36: =SUM(BK52,BK68,BK115,BK162,BK99) -> 0 | BL36: =SUM(BM36:BP36) -> 241 | BM36: =SUM(BM52,BM68,BM115,BM162,BM99) -> 0 | BN36: =SUM(BN52,BN68,BN115,BN162,BN99) -> 0 | BO36: =SUM(BO52,BO68,BO115,BO162,BO99) -> 0 | BP36: =SUM(BP52,BP68,BP115,BP162,BP99) -> 241 | BQ36: =SUM(AU36,AY36,BA36,BB36,BG36,BH36,BI36,BJ36,BK36,BL36) -> 1799 | BR36: =SUM(BR52,BR68,BR115,BR162,BR99) -> 0 | BS36: =SUM(BS52,BS68,BS115,BS162,BS99) -> 0 | BT36: =SUM(BT52,BT68,BT115,BT162,BT99) -> 0 | BU36: =SUM(BU52,BU68,BU115,BU162,BU99) -> 0 | BV36: =SUM(BV52,BV68,BV115,BV162,BV99) -> 0 | BW36: =SUM(BW52,BW68,BW115,BW162,BW99) -> 0 | BX36: =SUM(BX52,BX68,BX115,BX162,BX99) -> 0 | BY36: =SUM(BY52,BY68,BY115,BY162,BY99) -> 0 | ... CO36: =SUM(CO52,CO68,CO115,CO162,CO99) -> 5699 | CP36: =SUM(CM36,CK36,CO36) -> 149099 | CQ36: =SUM(CQ52,CQ68,CQ115,CQ162,CQ99) -> 0 | CR36: =SUM(CR52,CR68,CR115,CR162,CR99) -> 0 | CS36: =SUM(CS52,CS68,CS115,CS162,CS99) -> 0 | CT36: =SUM(CT52,CT68,CT115,CT162,CT99) -> 0 | CU36: =SUM(CU52,CU68,CU115,CU162,CU99) -> 0 | CV36: =SUM(CV52,CV68,CV115,CV162,CV99) -> 0 | CW36: =SUM(CW52,CW68,CW115,CW162,CW99) -> 0 | CX36: =SUM(CX52,CX68,CX115,CX162,CX99) -> 0 | ... DA36: =SUM(DA52,DA68,DA115,DA162,DA99) -> 0 | DB36: =SUM(CP36,CQ36) -> 149099 | DC36: =SUM(CO36,CN36) -> 5699 | DG36: =SUM(DB36,DF36) -> 149099 | DH36: =SUM(DC36) -> 5699
C37: Аккайынский | Y37: =SUM(Y53,Y69,Y84,Y100,Y116,Y131,Y147,Y163) -> 183 | AF37: =SUM(AS37:AU37,AY37,BA37:BB37,BG37:BL37) -> 69280 | AG37: =SUM(AG53,AG69,AG116,AG163,AG100) -> 46971 | AH37: =SUM(AH53,AH69,AH116,AH163,AH100) -> 19 | AI37: =SUM(AI53,AI69,AI116,AI163,AI100) -> 0 | AJ37: =SUM(AJ53,AJ69,AJ116,AJ163,AJ100) -> 0 | AK37: =SUM(AK53,AK69,AK116,AK163,AK100) -> 0 | AL37: =SUM(AL53,AL69,AL116,AL163,AL100) -> 0 | AM37: =SUM(AM53,AM69,AM116,AM163,AM100) -> 0 | AN37: =SUM(AN53,AN69,AN116,AN163,AN100) -> 0 | ... AQ37: =SUM(AQ53,AQ69,AQ116,AQ163,AQ100) -> 9616 | AR37: =SUM(AR53,AR69,AR84,AR100,AR116,AR131,AR147,AR163) -> 0 | AS37: =SUM(AG37,AH37,AK37,AL37,AO37) -> 65840 | AT37: =SUM(AT53,AT69,AT116,AT163,AT100) -> 0 | AU37: =SUM(AU53,AU69,AU116,AU163,AU100) -> 0 | AV37: =SUM(AV53,AV69,AV116,AV163,AV100) -> 0 | AW37: =SUM(AW53,AW69,AW116,AW163,AW100) -> 0 | AX37: =SUM(AX53,AX69,AX116,AX163,AX100) -> 0 | AY37: =SUM(AY53,AY69,AY116,AY163,AY100) -> 933 | AZ37: =SUM(AZ53,AZ69,AZ116,AZ163,AZ100) -> 91 | BA37: =SUM(BA53,BA69,BA116,BA163,BA100) -> 705 | BB37: =SUM(BC37,BD37,BF37) -> 1155 | BC37: =SUM(BC53,BC69,BC116,BC163,BC100) -> 0 | BD37: =SUM(BD53,BD69,BD116,BD163,BD100) -> 1134 | BE37: =SUM(BE53,BE69,BE116,BE163,BE100) -> 57 | BF37: =SUM(BF53,BF69,BF116,BF163,BF100) -> 21 | BG37: =SUM(BG53,BG69,BG116,BG163,BG100) -> 8 | BH37: =SUM(BH53,BH69,BH116,BH163,BH100) -> 354 | BI37: =SUM(BI53,BI69,BI116,BI163,BI100) -> 1 | BJ37: =SUM(BJ53,BJ69,BJ116,BJ163,BJ100) -> 99 | BK37: =SUM(BK53,BK69,BK116,BK163,BK100) -> 0 | BL37: =SUM(BM37:BP37) -> 185 | BM37: =SUM(BM53,BM69,BM116,BM163,BM100) -> 0 | BN37: =SUM(BN53,BN69,BN116,BN163,BN100) -> 0 | BO37: =SUM(BO53,BO69,BO116,BO163,BO100) -> 0 | BP37: =SUM(BP53,BP69,BP116,BP163,BP100) -> 185 | BQ37: =SUM(AU37,AY37,BA37,BB37,BG37,BH37,BI37,BJ37,BK37,BL37) -> 3440 | BR37: =SUM(BR53,BR69,BR116,BR163,BR100) -> 0 | BS37: =SUM(BS53,BS69,BS116,BS163,BS100) -> 0 | BT37: =SUM(BT53,BT69,BT116,BT163,BT100) -> 0 | BU37: =SUM(BU53,BU69,BU116,BU163,BU100) -> 0 | BV37: =SUM(BV53,BV69,BV116,BV163,BV100) -> 0 | BW37: =SUM(BW53,BW69,BW116,BW163,BW100) -> 0 | BX37: =SUM(BX53,BX69,BX116,BX163,BX100) -> 0 | BY37: =SUM(BY53,BY69,BY116,BY163,BY100) -> 0 | ... CO37: =SUM(CO53,CO69,CO116,CO163,CO100) -> 864 | CP37: =SUM(CM37,CK37,CO37) -> 42938 | CQ37: =SUM(CQ53,CQ69,CQ116,CQ163,CQ100) -> 4983 | CR37: =SUM(CR53,CR69,CR116,CR163,CR100) -> 0 | CS37: =SUM(CS53,CS69,CS116,CS163,CS100) -> 0 | CT37: =SUM(CT53,CT69,CT116,CT163,CT100) -> 0 | CU37: =SUM(CU53,CU69,CU116,CU163,CU100) -> 0 | CV37: =SUM(CV53,CV69,CV116,CV163,CV100) -> 0 | CW37: =SUM(CW53,CW69,CW116,CW163,CW100) -> 7600 | CX37: =SUM(CX53,CX69,CX116,CX163,CX100) -> 7600 | ... DA37: =SUM(DA53,DA69,DA116,DA163,DA100) -> 0 | DB37: =SUM(CP37,CQ37) -> 47921 | DC37: =SUM(CO37,CN37) -> 993 | DG37: =SUM(DB37,DF37) -> 47921 | DH37: =SUM(DC37) -> 993
C38: Г.Мусрепова | Y38: =SUM(Y54,Y70,Y85,Y101,Y117,Y132,Y148,Y164) -> 232 | AF38: =SUM(AS38:AU38,AY38,BA38:BB38,BG38:BL38) -> 154220 | AG38: =SUM(AG54,AG70,AG117,AG164,AG101) -> 113550 | AH38: =SUM(AH54,AH70,AH117,AH164,AH101) -> 16 | AI38: =SUM(AI54,AI70,AI117,AI164,AI101) -> 14 | AJ38: =SUM(AJ54,AJ70,AJ117,AJ164,AJ101) -> 2 | AK38: =SUM(AK54,AK70,AK117,AK164,AK101) -> 0 | AL38: =SUM(AL54,AL70,AL117,AL164,AL101) -> 0 | AM38: =SUM(AM54,AM70,AM117,AM164,AM101) -> 0 | AN38: =SUM(AN54,AN70,AN117,AN164,AN101) -> 0 | ... AQ38: =SUM(AQ54,AQ70,AQ117,AQ164,AQ101) -> 13924 | AR38: =SUM(AR54,AR70,AR85,AR101,AR117,AR132,AR148,AR164) -> 0 | AS38: =SUM(AG38,AH38,AK38,AL38,AO38) -> 151364 | AT38: =SUM(AT54,AT70,AT117,AT164,AT101) -> 0 | AU38: =SUM(AU54,AU70,AU117,AU164,AU101) -> 0 | AV38: =SUM(AV54,AV70,AV117,AV164,AV101) -> 0 | AW38: =SUM(AW54,AW70,AW117,AW164,AW101) -> 0 | AX38: =SUM(AX54,AX70,AX117,AX164,AX101) -> 0 | AY38: =SUM(AY54,AY70,AY117,AY164,AY101) -> 505 | AZ38: =SUM(AZ54,AZ70,AZ117,AZ164,AZ101) -> 4 | BA38: =SUM(BA54,BA70,BA117,BA164,BA101) -> 645 | BB38: =SUM(BC38,BD38,BF38) -> 564 | BC38: =SUM(BC54,BC70,BC117,BC164,BC101) -> 293 | BD38: =SUM(BD54,BD70,BD117,BD164,BD101) -> 238 | BE38: =SUM(BE54,BE70,BE117,BE164,BE101) -> 0 | BF38: =SUM(BF54,BF70,BF117,BF164,BF101) -> 33 | BG38: =SUM(BG54,BG70,BG117,BG164,BG101) -> 0 | BH38: =SUM(BH54,BH70,BH117,BH164,BH101) -> 590 | BI38: =SUM(BI54,BI70,BI117,BI164,BI101) -> 0 | BJ38: =SUM(BJ54,BJ70,BJ117,BJ164,BJ101) -> 3 | BK38: =SUM(BK54,BK70,BK117,BK164,BK101) -> 42 | BL38: =SUM(BM38:BP38) -> 507 | BM38: =SUM(BM54,BM70,BM117,BM164,BM101) -> 0 | BN38: =SUM(BN54,BN70,BN117,BN164,BN101) -> 0 | BO38: =SUM(BO54,BO70,BO117,BO164,BO101) -> 0 | BP38: =SUM(BP54,BP70,BP117,BP164,BP101) -> 507 | BQ38: =SUM(AU38,AY38,BA38,BB38,BG38,BH38,BI38,BJ38,BK38,BL38) -> 2856 | BR38: =SUM(BR54,BR70,BR117,BR164,BR101) -> 964 | BS38: =SUM(BS54,BS70,BS117,BS164,BS101) -> 0 | BT38: =SUM(BT54,BT70,BT117,BT164,BT101) -> 37 | BU38: =SUM(BU54,BU70,BU117,BU164,BU101) -> 0 | BV38: =SUM(BV54,BV70,BV117,BV164,BV101) -> 0 | BW38: =SUM(BW54,BW70,BW117,BW164,BW101) -> 0 | BX38: =SUM(BX54,BX70,BX117,BX164,BX101) -> 0 | BY38: =SUM(BY54,BY70,BY117,BY164,BY101) -> 0 | ... CO38: =SUM(CO54,CO70,CO117,CO164,CO101) -> 4619 | CP38: =SUM(CM38,CK38,CO38) -> 127033 | CQ38: =SUM(CQ54,CQ70,CQ117,CQ164,CQ101) -> 6621 | CR38: =SUM(CR54,CR70,CR117,CR164,CR101) -> 0 | CS38: =SUM(CS54,CS70,CS117,CS164,CS101) -> 0 | CT38: =SUM(CT54,CT70,CT117,CT164,CT101) -> 0 | CU38: =SUM(CU54,CU70,CU117,CU164,CU101) -> 0 | CV38: =SUM(CV54,CV70,CV117,CV164,CV101) -> 0 | CW38: =SUM(CW54,CW70,CW117,CW164,CW101) -> 0 | CX38: =SUM(CX54,CX70,CX117,CX164,CX101) -> 0 | ... DA38: =SUM(DA54,DA70,DA117,DA164,DA101) -> 0 | DB38: =SUM(CP38,CQ38) -> 133654 | DC38: =SUM(CO38,CN38) -> 4619 | DG38: =SUM(DB38,DF38) -> 133654 | DH38: =SUM(DC38) -> 4619
C39: Есильский | Y39: =SUM(Y55,Y71,Y86,Y102,Y118,Y133,Y149,Y165) -> 197 | AF39: =SUM(AS39:AU39,AY39,BA39:BB39,BG39:BL39) -> 34726 | AG39: =SUM(AG55,AG71,AG118,AG165,AG102) -> 25217 | AH39: =SUM(AH55,AH71,AH118,AH165,AH102) -> 28 | AI39: =SUM(AI55,AI71,AI118,AI165,AI102) -> 21 | AJ39: =SUM(AJ55,AJ71,AJ118,AJ165,AJ102) -> 0 | AK39: =SUM(AK55,AK71,AK118,AK165,AK102) -> 0 | AL39: =SUM(AL55,AL71,AL118,AL165,AL102) -> 510 | AM39: =SUM(AM55,AM71,AM118,AM165,AM102) -> 396 | AN39: =SUM(AN55,AN71,AN118,AN165,AN102) -> 0 | ... AQ39: =SUM(AQ55,AQ71,AQ118,AQ165,AQ102) -> 3188 | AR39: =SUM(AR55,AR71,AR86,AR102,AR118,AR133,AR149,AR165) -> 0 | AS39: =SUM(AG39,AH39,AK39,AL39,AO39) -> 33371 | AT39: =SUM(AT55,AT71,AT118,AT165,AT102) -> 0 | AU39: =SUM(AU55,AU71,AU118,AU165,AU102) -> 0 | AV39: =SUM(AV55,AV71,AV118,AV165,AV102) -> 0 | AW39: =SUM(AW55,AW71,AW118,AW165,AW102) -> 0 | AX39: =SUM(AX55,AX71,AX118,AX165,AX102) -> 0 | AY39: =SUM(AY55,AY71,AY118,AY165,AY102) -> 228 | AZ39: =SUM(AZ55,AZ71,AZ118,AZ165,AZ102) -> 41 | BA39: =SUM(BA55,BA71,BA118,BA165,BA102) -> 188 | BB39: =SUM(BC39,BD39,BF39) -> 698 | BC39: =SUM(BC55,BC71,BC118,BC165,BC102) -> 49 | BD39: =SUM(BD55,BD71,BD118,BD165,BD102) -> 647 | BE39: =SUM(BE55,BE71,BE118,BE165,BE102) -> 647 | BF39: =SUM(BF55,BF71,BF118,BF165,BF102) -> 2 | BG39: =SUM(BG55,BG71,BG118,BG165,BG102) -> 0 | BH39: =SUM(BH55,BH71,BH118,BH165,BH102) -> 183 | BI39: =SUM(BI55,BI71,BI118,BI165,BI102) -> 0 | BJ39: =SUM(BJ55,BJ71,BJ118,BJ165,BJ102) -> 7 | BK39: =SUM(BK55,BK71,BK118,BK165,BK102) -> 0 | BL39: =SUM(BM39:BP39) -> 51 | BM39: =SUM(BM55,BM71,BM118,BM165,BM102) -> 0 | BN39: =SUM(BN55,BN71,BN118,BN165,BN102) -> 0 | BO39: =SUM(BO55,BO71,BO118,BO165,BO102) -> 0 | BP39: =SUM(BP55,BP71,BP118,BP165,BP102) -> 51 | BQ39: =SUM(AU39,AY39,BA39,BB39,BG39,BH39,BI39,BJ39,BK39,BL39) -> 1355 | BR39: =SUM(BR55,BR71,BR118,BR165,BR102) -> 0 | BS39: =SUM(BS55,BS71,BS118,BS165,BS102) -> 0 | BT39: =SUM(BT55,BT71,BT118,BT165,BT102) -> 0 | BU39: =SUM(BU55,BU71,BU118,BU165,BU102) -> 0 | BV39: =SUM(BV55,BV71,BV118,BV165,BV102) -> 0 | BW39: =SUM(BW55,BW71,BW118,BW165,BW102) -> 0 | BX39: =SUM(BX55,BX71,BX118,BX165,BX102) -> 0 | BY39: =SUM(BY55,BY71,BY118,BY165,BY102) -> 0 | ... CO39: =SUM(CO55,CO71,CO118,CO165,CO102) -> 787 | CP39: =SUM(CM39,CK39,CO39) -> 22992.5 | CQ39: =SUM(CQ55,CQ71,CQ118,CQ165,CQ102) -> 2865.5 | CR39: =SUM(CR55,CR71,CR118,CR165,CR102) -> 0 | CS39: =SUM(CS55,CS71,CS118,CS165,CS102) -> 0 | CT39: =SUM(CT55,CT71,CT118,CT165,CT102) -> 0 | CU39: =SUM(CU55,CU71,CU118,CU165,CU102) -> 0 | CV39: =SUM(CV55,CV71,CV118,CV165,CV102) -> 0 | CW39: =SUM(CW55,CW71,CW118,CW165,CW102) -> 10600 | CX39: =SUM(CX55,CX71,CX118,CX165,CX102) -> 10600 | ... DA39: =SUM(DA55,DA71,DA118,DA165,DA102) -> 0 | DB39: =SUM(CP39,CQ39) -> 25858 | DC39: =SUM(CO39,CN39) -> 879 | DG39: =SUM(DB39,DF39) -> 25858 | DH39: =SUM(DC39) -> 879
C40: Жамбылский | Y40: =SUM(Y56,Y72,Y87,Y103,Y119,Y134,Y150,Y166) -> 231 | AF40: =SUM(AS40:AU40,AY40,BA40:BB40,BG40:BL40) -> 123906 | AG40: =SUM(AG56,AG72,AG119,AG166,AG103) -> 75231 | AH40: =SUM(AH56,AH72,AH119,AH166,AH103) -> 10 | AI40: =SUM(AI56,AI72,AI119,AI166,AI103) -> 10 | AJ40: =SUM(AJ56,AJ72,AJ119,AJ166,AJ103) -> 0 | AK40: =SUM(AK56,AK72,AK119,AK166,AK103) -> 0 | AL40: =SUM(AL56,AL72,AL119,AL166,AL103) -> 0 | AM40: =SUM(AM56,AM72,AM119,AM166,AM103) -> 0 | AN40: =SUM(AN56,AN72,AN119,AN166,AN103) -> 0 | ... AQ40: =SUM(AQ56,AQ72,AQ119,AQ166,AQ103) -> 29458 | AR40: =SUM(AR56,AR72,AR87,AR103,AR119,AR134,AR150,AR166) -> 0 | AS40: =SUM(AG40,AH40,AK40,AL40,AO40) -> 115584 | AT40: =SUM(AT56,AT72,AT119,AT166,AT103) -> 0 | AU40: =SUM(AU56,AU72,AU119,AU166,AU103) -> 0 | AV40: =SUM(AV56,AV72,AV119,AV166,AV103) -> 0 | AW40: =SUM(AW56,AW72,AW119,AW166,AW103) -> 0 | AX40: =SUM(AX56,AX72,AX119,AX166,AX103) -> 0 | AY40: =SUM(AY56,AY72,AY119,AY166,AY103) -> 1234 | AZ40: =SUM(AZ56,AZ72,AZ119,AZ166,AZ103) -> 19 | BA40: =SUM(BA56,BA72,BA119,BA166,BA103) -> 2189 | BB40: =SUM(BC40,BD40,BF40) -> 3931 | BC40: =SUM(BC56,BC72,BC119,BC166,BC103) -> 0 | BD40: =SUM(BD56,BD72,BD119,BD166,BD103) -> 3917 | BE40: =SUM(BE56,BE72,BE119,BE166,BE103) -> 2798 | BF40: =SUM(BF56,BF72,BF119,BF166,BF103) -> 14 | BG40: =SUM(BG56,BG72,BG119,BG166,BG103) -> 0 | BH40: =SUM(BH56,BH72,BH119,BH166,BH103) -> 600 | BI40: =SUM(BI56,BI72,BI119,BI166,BI103) -> 0 | BJ40: =SUM(BJ56,BJ72,BJ119,BJ166,BJ103) -> 1 | BK40: =SUM(BK56,BK72,BK119,BK166,BK103) -> 0 | BL40: =SUM(BM40:BP40) -> 367 | BM40: =SUM(BM56,BM72,BM119,BM166,BM103) -> 0 | BN40: =SUM(BN56,BN72,BN119,BN166,BN103) -> 0 | BO40: =SUM(BO56,BO72,BO119,BO166,BO103) -> 0 | BP40: =SUM(BP56,BP72,BP119,BP166,BP103) -> 367 | BQ40: =SUM(AU40,AY40,BA40,BB40,BG40,BH40,BI40,BJ40,BK40,BL40) -> 8322 | BR40: =SUM(BR56,BR72,BR119,BR166,BR103) -> 0 | BS40: =SUM(BS56,BS72,BS119,BS166,BS103) -> 0 | BT40: =SUM(BT56,BT72,BT119,BT166,BT103) -> 0 | BU40: =SUM(BU56,BU72,BU119,BU166,BU103) -> 0 | BV40: =SUM(BV56,BV72,BV119,BV166,BV103) -> 0 | BW40: =SUM(BW56,BW72,BW119,BW166,BW103) -> 0 | BX40: =SUM(BX56,BX72,BX119,BX166,BX103) -> 0 | BY40: =SUM(BY56,BY72,BY119,BY166,BY103) -> 0 | ... CO40: =SUM(CO56,CO72,CO119,CO166,CO103) -> 869 | CP40: =SUM(CM40,CK40,CO40) -> 74186 | CQ40: =SUM(CQ56,CQ72,CQ119,CQ166,CQ103) -> 4775 | CR40: =SUM(CR56,CR72,CR119,CR166,CR103) -> 0 | CS40: =SUM(CS56,CS72,CS119,CS166,CS103) -> 0 | CT40: =SUM(CT56,CT72,CT119,CT166,CT103) -> 0 | CU40: =SUM(CU56,CU72,CU119,CU166,CU103) -> 0 | CV40: =SUM(CV56,CV72,CV119,CV166,CV103) -> 0 | CW40: =SUM(CW56,CW72,CW119,CW166,CW103) -> 0 | CX40: =SUM(CX56,CX72,CX119,CX166,CX103) -> 0 | ... DA40: =SUM(DA56,DA72,DA119,DA166,DA103) -> 0 | DB40: =SUM(CP40,CQ40) -> 78961 | DC40: =SUM(CO40,CN40) -> 869 | DG40: =SUM(DB40,DF40) -> 78961 | DH40: =SUM(DC40) -> 869
C41: Кызылжарский | Y41: =SUM(Y57,Y73,Y88,Y104,Y120,Y135,Y151,Y167) -> 316 | AF41: =SUM(AS41:AU41,AY41,BA41:BB41,BG41:BL41) -> 77141 | AG41: =SUM(AG57,AG73,AG120,AG167,AG104) -> 46274 | AH41: =SUM(AH57,AH73,AH120,AH167,AH104) -> 0 | AI41: =SUM(AI57,AI73,AI120,AI167,AI104) -> 0 | AJ41: =SUM(AJ57,AJ73,AJ120,AJ167,AJ104) -> 0 | AK41: =SUM(AK57,AK73,AK120,AK167,AK104) -> 0 | AL41: =SUM(AL57,AL73,AL120,AL167,AL104) -> 2992 | AM41: =SUM(AM57,AM73,AM120,AM167,AM104) -> 300 | AN41: =SUM(AN57,AN73,AN120,AN167,AN104) -> 0 | ... AQ41: =SUM(AQ57,AQ73,AQ120,AQ167,AQ104) -> 13859 | AR41: =SUM(AR57,AR73,AR88,AR104,AR120,AR135,AR151,AR167) -> 0 | AS41: =SUM(AG41,AH41,AK41,AL41,AO41) -> 72992 | AT41: =SUM(AT57,AT73,AT120,AT167,AT104) -> 0 | AU41: =SUM(AU57,AU73,AU120,AU167,AU104) -> 0 | AV41: =SUM(AV57,AV73,AV120,AV167,AV104) -> 0 | AW41: =SUM(AW57,AW73,AW120,AW167,AW104) -> 0 | AX41: =SUM(AX57,AX73,AX120,AX167,AX104) -> 0 | AY41: =SUM(AY57,AY73,AY120,AY167,AY104) -> 743 | AZ41: =SUM(AZ57,AZ73,AZ120,AZ167,AZ104) -> 106 | BA41: =SUM(BA57,BA73,BA120,BA167,BA104) -> 879 | BB41: =SUM(BC41,BD41,BF41) -> 1842 | BC41: =SUM(BC57,BC73,BC120,BC167,BC104) -> 277 | BD41: =SUM(BD57,BD73,BD120,BD167,BD104) -> 1555 | BE41: =SUM(BE57,BE73,BE120,BE167,BE104) -> 1404 | BF41: =SUM(BF57,BF73,BF120,BF167,BF104) -> 10 | BG41: =SUM(BG57,BG73,BG120,BG167,BG104) -> 3 | BH41: =SUM(BH57,BH73,BH120,BH167,BH104) -> 509 | BI41: =SUM(BI57,BI73,BI120,BI167,BI104) -> 0 | BJ41: =SUM(BJ57,BJ73,BJ120,BJ167,BJ104) -> 0 | BK41: =SUM(BK57,BK73,BK120,BK167,BK104) -> 0 | BL41: =SUM(BM41:BP41) -> 173 | BM41: =SUM(BM57,BM73,BM120,BM167,BM104) -> 0 | BN41: =SUM(BN57,BN73,BN120,BN167,BN104) -> 0 | BO41: =SUM(BO57,BO73,BO120,BO167,BO104) -> 0 | BP41: =SUM(BP57,BP73,BP120,BP167,BP104) -> 173 | BQ41: =SUM(AU41,AY41,BA41,BB41,BG41,BH41,BI41,BJ41,BK41,BL41) -> 4149 | BR41: =SUM(BR57,BR73,BR120,BR167,BR104) -> 309 | BS41: =SUM(BS57,BS73,BS120,BS167,BS104) -> 0 | BT41: =SUM(BT57,BT73,BT120,BT167,BT104) -> 226 | BU41: =SUM(BU57,BU73,BU120,BU167,BU104) -> 0 | BV41: =SUM(BV57,BV73,BV120,BV167,BV104) -> 0 | BW41: =SUM(BW57,BW73,BW120,BW167,BW104) -> 0 | BX41: =SUM(BX57,BX73,BX120,BX167,BX104) -> 0 | BY41: =SUM(BY57,BY73,BY120,BY167,BY104) -> 0 | ... CO41: =SUM(CO57,CO73,CO120,CO167,CO104) -> 411 | CP41: =SUM(CM41,CK41,CO41) -> 48772 | CQ41: =SUM(CQ57,CQ73,CQ120,CQ167,CQ104) -> 2481 | CR41: =SUM(CR57,CR73,CR120,CR167,CR104) -> 0 | CS41: =SUM(CS57,CS73,CS120,CS167,CS104) -> 0 | CT41: =SUM(CT57,CT73,CT120,CT167,CT104) -> 0 | CU41: =SUM(CU57,CU73,CU120,CU167,CU104) -> 0 | CV41: =SUM(CV57,CV73,CV120,CV167,CV104) -> 0 | CW41: =SUM(CW57,CW73,CW120,CW167,CW104) -> 0 | CX41: =SUM(CX57,CX73,CX120,CX167,CX104) -> 0 | ... DA41: =SUM(DA57,DA73,DA120,DA167,DA104) -> 0 | DB41: =SUM(CP41,CQ41) -> 51253 | DC41: =SUM(CO41,CN41) -> 411 | DG41: =SUM(DB41,DF41) -> 51253 | DH41: =SUM(DC41) -> 411
C42: М.Жумабаева | Y42: =SUM(Y58,Y74,Y89,Y105,Y121,Y136,Y152,Y168) -> 235 | AF42: =SUM(AS42:AU42,AY42,BA42:BB42,BG42:BL42) -> 146401 | AG42: =SUM(AG58,AG74,AG121,AG168,AG105) -> 112436 | AH42: =SUM(AH58,AH74,AH121,AH168,AH105) -> 36 | AI42: =SUM(AI58,AI74,AI121,AI168,AI105) -> 10 | AJ42: =SUM(AJ58,AJ74,AJ121,AJ168,AJ105) -> 0 | AK42: =SUM(AK58,AK74,AK121,AK168,AK105) -> 0 | AL42: =SUM(AL58,AL74,AL121,AL168,AL105) -> 0 | AM42: =SUM(AM58,AM74,AM121,AM168,AM105) -> 0 | AN42: =SUM(AN58,AN74,AN121,AN168,AN105) -> 0 | ... AQ42: =SUM(AQ58,AQ74,AQ121,AQ168,AQ105) -> 4230 | AR42: =SUM(AR58,AR74,AR89,AR105,AR121,AR136,AR152,AR168) -> 0 | AS42: =SUM(AG42,AH42,AK42,AL42,AO42) -> 141799 | AT42: =SUM(AT58,AT74,AT121,AT168,AT105) -> 0 | AU42: =SUM(AU58,AU74,AU121,AU168,AU105) -> 0 | AV42: =SUM(AV58,AV74,AV121,AV168,AV105) -> 0 | AW42: =SUM(AW58,AW74,AW121,AW168,AW105) -> 0 | AX42: =SUM(AX58,AX74,AX121,AX168,AX105) -> 0 | AY42: =SUM(AY58,AY74,AY121,AY168,AY105) -> 2009 | AZ42: =SUM(AZ58,AZ74,AZ121,AZ168,AZ105) -> 390 | BA42: =SUM(BA58,BA74,BA121,BA168,BA105) -> 1244 | BB42: =SUM(BC42,BD42,BF42) -> 216 | BC42: =SUM(BC58,BC74,BC121,BC168,BC105) -> 0 | BD42: =SUM(BD58,BD74,BD121,BD168,BD105) -> 174 | BE42: =SUM(BE58,BE74,BE121,BE168,BE105) -> 1 | BF42: =SUM(BF58,BF74,BF121,BF168,BF105) -> 42 | BG42: =SUM(BG58,BG74,BG121,BG168,BG105) -> 0 | BH42: =SUM(BH58,BH74,BH121,BH168,BH105) -> 701 | BI42: =SUM(BI58,BI74,BI121,BI168,BI105) -> 0 | BJ42: =SUM(BJ58,BJ74,BJ121,BJ168,BJ105) -> 3 | BK42: =SUM(BK58,BK74,BK121,BK168,BK105) -> 0 | BL42: =SUM(BM42:BP42) -> 429 | BM42: =SUM(BM58,BM74,BM121,BM168,BM105) -> 0 | BN42: =SUM(BN58,BN74,BN121,BN168,BN105) -> 0 | BO42: =SUM(BO58,BO74,BO121,BO168,BO105) -> 0 | BP42: =SUM(BP58,BP74,BP121,BP168,BP105) -> 429 | BQ42: =SUM(AU42,AY42,BA42,BB42,BG42,BH42,BI42,BJ42,BK42,BL42) -> 4602 | BR42: =SUM(BR58,BR74,BR121,BR168,BR105) -> 0 | BS42: =SUM(BS58,BS74,BS121,BS168,BS105) -> 0 | BT42: =SUM(BT58,BT74,BT121,BT168,BT105) -> 0 | BU42: =SUM(BU58,BU74,BU121,BU168,BU105) -> 0 | BV42: =SUM(BV58,BV74,BV121,BV168,BV105) -> 0 | BW42: =SUM(BW58,BW74,BW121,BW168,BW105) -> 0 | BX42: =SUM(BX58,BX74,BX121,BX168,BX105) -> 0 | BY42: =SUM(BY58,BY74,BY121,BY168,BY105) -> 0 | ... CO42: =SUM(CO58,CO74,CO121,CO168,CO105) -> 6107 | CP42: =SUM(CM42,CK42,CO42) -> 116927 | CQ42: =SUM(CQ58,CQ74,CQ121,CQ168,CQ105) -> 4838 | CR42: =SUM(CR58,CR74,CR121,CR168,CR105) -> 333 | CS42: =SUM(CS58,CS74,CS121,CS168,CS105) -> 0 | CT42: =SUM(CT58,CT74,CT121,CT168,CT105) -> 0 | CU42: =SUM(CU58,CU74,CU121,CU168,CU105) -> 0 | CV42: =SUM(CV58,CV74,CV121,CV168,CV105) -> 0 | CW42: =SUM(CW58,CW74,CW121,CW168,CW105) -> 87000 | CX42: =SUM(CX58,CX74,CX121,CX168,CX105) -> 87000 | ... DA42: =SUM(DA58,DA74,DA121,DA168,DA105) -> 0 | DB42: =SUM(CP42,CQ42) -> 121765 | DC42: =SUM(CO42,CN42) -> 6237 | DG42: =SUM(DB42,DF42) -> 121765 | DH42: =SUM(DC42) -> 6237
C43: Мамлютский | Y43: =SUM(Y59,Y75,Y90,Y106,Y122,Y137,Y153,Y169) -> 183 | AF43: =SUM(AS43:AU43,AY43,BA43:BB43,BG43:BL43) -> 56557.5 | AG43: =SUM(AG59,AG75,AG122,AG169,AG106) -> 35411.3 | AH43: =SUM(AH59,AH75,AH122,AH169,AH106) -> 28 | AI43: =SUM(AI59,AI75,AI122,AI169,AI106) -> 0 | AJ43: =SUM(AJ59,AJ75,AJ122,AJ169,AJ106) -> 0 | AK43: =SUM(AK59,AK75,AK122,AK169,AK106) -> 51 | AL43: =SUM(AL59,AL75,AL122,AL169,AL106) -> 0 | AM43: =SUM(AM59,AM75,AM122,AM169,AM106) -> 0 | AN43: =SUM(AN59,AN75,AN122,AN169,AN106) -> 0 | ... AQ43: =SUM(AQ59,AQ75,AQ122,AQ169,AQ106) -> 6328 | AR43: =SUM(AR59,AR75,AR90,AR106,AR122,AR137,AR153,AR169) -> 0 | AS43: =SUM(AG43,AH43,AK43,AL43,AO43) -> 53461.7 | AT43: =SUM(AT59,AT75,AT122,AT169,AT106) -> 0 | AU43: =SUM(AU59,AU75,AU122,AU169,AU106) -> 0 | AV43: =SUM(AV59,AV75,AV122,AV169,AV106) -> 0 | AW43: =SUM(AW59,AW75,AW122,AW169,AW106) -> 0 | AX43: =SUM(AX59,AX75,AX122,AX169,AX106) -> 0 | AY43: =SUM(AY59,AY75,AY122,AY169,AY106) -> 369 | AZ43: =SUM(AZ59,AZ75,AZ122,AZ169,AZ106) -> 78 | BA43: =SUM(BA59,BA75,BA122,BA169,BA106) -> 856 | BB43: =SUM(BC43,BD43,BF43) -> 1543.1 | BC43: =SUM(BC59,BC75,BC122,BC169,BC106) -> 0 | BD43: =SUM(BD59,BD75,BD122,BD169,BD106) -> 1536.1 | BE43: =SUM(BE59,BE75,BE122,BE169,BE106) -> 1343 | BF43: =SUM(BF59,BF75,BF122,BF169,BF106) -> 7 | BG43: =SUM(BG59,BG75,BG122,BG169,BG106) -> 0 | BH43: =SUM(BH59,BH75,BH122,BH169,BH106) -> 265.7 | BI43: =SUM(BI59,BI75,BI122,BI169,BI106) -> 0 | BJ43: =SUM(BJ59,BJ75,BJ122,BJ169,BJ106) -> 5 | BK43: =SUM(BK59,BK75,BK122,BK169,BK106) -> 0 | BL43: =SUM(BM43:BP43) -> 57 | BM43: =SUM(BM59,BM75,BM122,BM169,BM106) -> 0 | BN43: =SUM(BN59,BN75,BN122,BN169,BN106) -> 0 | BO43: =SUM(BO59,BO75,BO122,BO169,BO106) -> 0 | BP43: =SUM(BP59,BP75,BP122,BP169,BP106) -> 57 | BQ43: =SUM(AU43,AY43,BA43,BB43,BG43,BH43,BI43,BJ43,BK43,BL43) -> 3095.8 | BR43: =SUM(BR59,BR75,BR122,BR169,BR106) -> 62 | BS43: =SUM(BS59,BS75,BS122,BS169,BS106) -> 0 | BT43: =SUM(BT59,BT75,BT122,BT169,BT106) -> 40 | BU43: =SUM(BU59,BU75,BU122,BU169,BU106) -> 0 | BV43: =SUM(BV59,BV75,BV122,BV169,BV106) -> 5 | BW43: =SUM(BW59,BW75,BW122,BW169,BW106) -> 0 | BX43: =SUM(BX59,BX75,BX122,BX169,BX106) -> 0 | BY43: =SUM(BY59,BY75,BY122,BY169,BY106) -> 0 | ... CO43: =SUM(CO59,CO75,CO122,CO169,CO106) -> 399 | CP43: =SUM(CM43,CK43,CO43) -> 29789 | CQ43: =SUM(CQ59,CQ75,CQ122,CQ169,CQ106) -> 5447 | CR43: =SUM(CR59,CR75,CR122,CR169,CR106) -> 0 | CS43: =SUM(CS59,CS75,CS122,CS169,CS106) -> 0 | CT43: =SUM(CT59,CT75,CT122,CT169,CT106) -> 0 | CU43: =SUM(CU59,CU75,CU122,CU169,CU106) -> 0 | CV43: =SUM(CV59,CV75,CV122,CV169,CV106) -> 0 | CW43: =SUM(CW59,CW75,CW122,CW169,CW106) -> 14103 | CX43: =SUM(CX59,CX75,CX122,CX169,CX106) -> 14103 | ... DA43: =SUM(DA59,DA75,DA122,DA169,DA106) -> 0 | DB43: =SUM(CP43,CQ43) -> 35236 | DC43: =SUM(CO43,CN43) -> 508 | DG43: =SUM(DB43,DF43) -> 35236 | DH43: =SUM(DC43) -> 508
C44: Тайыншинский | Y44: =SUM(Y60,Y76,Y91,Y107,Y123,Y138,Y154,Y170) -> 334 | AF44: =SUM(AS44:AU44,AY44,BA44:BB44,BG44:BL44) -> 159794 | AG44: =SUM(AG60,AG76,AG123,AG170,AG107) -> 114031 | AH44: =SUM(AH60,AH76,AH123,AH170,AH107) -> 7 | AI44: =SUM(AI60,AI76,AI123,AI170,AI107) -> 0 | AJ44: =SUM(AJ60,AJ76,AJ123,AJ170,AJ107) -> 0 | AK44: =SUM(AK60,AK76,AK123,AK170,AK107) -> 0 | AL44: =SUM(AL60,AL76,AL123,AL170,AL107) -> 0 | AM44: =SUM(AM60,AM76,AM123,AM170,AM107) -> 0 | AN44: =SUM(AN60,AN76,AN123,AN170,AN107) -> 0 | ... AQ44: =SUM(AQ60,AQ76,AQ123,AQ170,AQ107) -> 4193 | AR44: =SUM(AR60,AR76,AR91,AR107,AR123,AR138,AR154,AR170) -> 0 | AS44: =SUM(AG44,AH44,AK44,AL44,AO44) -> 156617 | AT44: =SUM(AT60,AT76,AT123,AT170,AT107) -> 0 | AU44: =SUM(AU60,AU76,AU123,AU170,AU107) -> 1 | AV44: =SUM(AV60,AV76,AV123,AV170,AV107) -> 1 | AW44: =SUM(AW60,AW76,AW123,AW170,AW107) -> 0 | AX44: =SUM(AX60,AX76,AX123,AX170,AX107) -> 0 | AY44: =SUM(AY60,AY76,AY123,AY170,AY107) -> 457 | AZ44: =SUM(AZ60,AZ76,AZ123,AZ170,AZ107) -> 167 | BA44: =SUM(BA60,BA76,BA123,BA170,BA107) -> 221 | BB44: =SUM(BC44,BD44,BF44) -> 1484 | BC44: =SUM(BC60,BC76,BC123,BC170,BC107) -> 8 | BD44: =SUM(BD60,BD76,BD123,BD170,BD107) -> 1276 | BE44: =SUM(BE60,BE76,BE123,BE170,BE107) -> 0 | BF44: =SUM(BF60,BF76,BF123,BF170,BF107) -> 200 | BG44: =SUM(BG60,BG76,BG123,BG170,BG107) -> 0 | BH44: =SUM(BH60,BH76,BH123,BH170,BH107) -> 538 | BI44: =SUM(BI60,BI76,BI123,BI170,BI107) -> 0 | BJ44: =SUM(BJ60,BJ76,BJ123,BJ170,BJ107) -> 0 | BK44: =SUM(BK60,BK76,BK123,BK170,BK107) -> 0 | BL44: =SUM(BM44:BP44) -> 476 | BM44: =SUM(BM60,BM76,BM123,BM170,BM107) -> 0 | BN44: =SUM(BN60,BN76,BN123,BN170,BN107) -> 0 | BO44: =SUM(BO60,BO76,BO123,BO170,BO107) -> 0 | BP44: =SUM(BP60,BP76,BP123,BP170,BP107) -> 476 | BQ44: =SUM(AU44,AY44,BA44,BB44,BG44,BH44,BI44,BJ44,BK44,BL44) -> 3177 | BR44: =SUM(BR60,BR76,BR123,BR170,BR107) -> 176 | BS44: =SUM(BS60,BS76,BS123,BS170,BS107) -> 0 | BT44: =SUM(BT60,BT76,BT123,BT170,BT107) -> 176 | BU44: =SUM(BU60,BU76,BU123,BU170,BU107) -> 0 | BV44: =SUM(BV60,BV76,BV123,BV170,BV107) -> 0 | BW44: =SUM(BW60,BW76,BW123,BW170,BW107) -> 0 | BX44: =SUM(BX60,BX76,BX123,BX170,BX107) -> 0 | BY44: =SUM(BY60,BY76,BY123,BY170,BY107) -> 0 | ... CO44: =SUM(CO60,CO76,CO123,CO170,CO107) -> 6712 | CP44: =SUM(CM44,CK44,CO44) -> 115675 | CQ44: =SUM(CQ60,CQ76,CQ123,CQ170,CQ107) -> 411 | CR44: =SUM(CR60,CR76,CR123,CR170,CR107) -> 0 | CS44: =SUM(CS60,CS76,CS123,CS170,CS107) -> 0 | CT44: =SUM(CT60,CT76,CT123,CT170,CT107) -> 0 | CU44: =SUM(CU60,CU76,CU123,CU170,CU107) -> 0 | CV44: =SUM(CV60,CV76,CV123,CV170,CV107) -> 0 | CW44: =SUM(CW60,CW76,CW123,CW170,CW107) -> 0 | CX44: =SUM(CX60,CX76,CX123,CX170,CX107) -> 0 | ... DA44: =SUM(DA60,DA76,DA123,DA170,DA107) -> 0 | DB44: =SUM(CP44,CQ44) -> 116086 | DC44: =SUM(CO44,CN44) -> 6712 | DG44: =SUM(DB44,DF44) -> 116086 | DH44: =SUM(DC44) -> 6712
C45: Тимирязевский | Y45: =SUM(Y61,Y77,Y92,Y108,Y124,Y139,Y155,Y171) -> 279 | AF45: =SUM(AS45:AU45,AY45,BA45:BB45,BG45:BL45) -> 99875 | AG45: =SUM(AG61,AG77,AG124,AG171,AG108) -> 81555 | AH45: =SUM(AH61,AH77,AH124,AH171,AH108) -> 2 | AI45: =SUM(AI61,AI77,AI124,AI171,AI108) -> 0 | AJ45: =SUM(AJ61,AJ77,AJ124,AJ171,AJ108) -> 0 | AK45: =SUM(AK61,AK77,AK124,AK171,AK108) -> 0 | AL45: =SUM(AL61,AL77,AL124,AL171,AL108) -> 0 | AM45: =SUM(AM61,AM77,AM124,AM171,AM108) -> 0 | AN45: =SUM(AN61,AN77,AN124,AN171,AN108) -> 0 | ... AQ45: =SUM(AQ61,AQ77,AQ124,AQ171,AQ108) -> 10779 | AR45: =SUM(AR61,AR77,AR92,AR108,AR124,AR139,AR155,AR171) -> 0 | AS45: =SUM(AG45,AH45,AK45,AL45,AO45) -> 97511 | AT45: =SUM(AT61,AT77,AT124,AT171,AT108) -> 0 | AU45: =SUM(AU61,AU77,AU124,AU171,AU108) -> 0 | AV45: =SUM(AV61,AV77,AV124,AV171,AV108) -> 0 | AW45: =SUM(AW61,AW77,AW124,AW171,AW108) -> 0 | AX45: =SUM(AX61,AX77,AX124,AX171,AX108) -> 0 | AY45: =SUM(AY61,AY77,AY124,AY171,AY108) -> 1110 | AZ45: =SUM(AZ61,AZ77,AZ124,AZ171,AZ108) -> 42 | BA45: =SUM(BA61,BA77,BA124,BA171,BA108) -> 340 | BB45: =SUM(BC45,BD45,BF45) -> 314 | BC45: =SUM(BC61,BC77,BC124,BC171,BC108) -> 0 | BD45: =SUM(BD61,BD77,BD124,BD171,BD108) -> 302 | BE45: =SUM(BE61,BE77,BE124,BE171,BE108) -> 275 | BF45: =SUM(BF61,BF77,BF124,BF171,BF108) -> 12 | BG45: =SUM(BG61,BG77,BG124,BG171,BG108) -> 0 | BH45: =SUM(BH61,BH77,BH124,BH171,BH108) -> 335 | BI45: =SUM(BI61,BI77,BI124,BI171,BI108) -> 0 | BJ45: =SUM(BJ61,BJ77,BJ124,BJ171,BJ108) -> 3 | BK45: =SUM(BK61,BK77,BK124,BK171,BK108) -> 0 | BL45: =SUM(BM45:BP45) -> 262 | BM45: =SUM(BM61,BM77,BM124,BM171,BM108) -> 0 | BN45: =SUM(BN61,BN77,BN124,BN171,BN108) -> 0 | BO45: =SUM(BO61,BO77,BO124,BO171,BO108) -> 0 | BP45: =SUM(BP61,BP77,BP124,BP171,BP108) -> 262 | BQ45: =SUM(AU45,AY45,BA45,BB45,BG45,BH45,BI45,BJ45,BK45,BL45) -> 2364 | BR45: =SUM(BR61,BR77,BR124,BR171,BR108) -> 0 | BS45: =SUM(BS61,BS77,BS124,BS171,BS108) -> 0 | BT45: =SUM(BT61,BT77,BT124,BT171,BT108) -> 0 | BU45: =SUM(BU61,BU77,BU124,BU171,BU108) -> 0 | BV45: =SUM(BV61,BV77,BV124,BV171,BV108) -> 0 | BW45: =SUM(BW61,BW77,BW124,BW171,BW108) -> 0 | BX45: =SUM(BX61,BX77,BX124,BX171,BX108) -> 0 | BY45: =SUM(BY61,BY77,BY124,BY171,BY108) -> 0 | ... CO45: =SUM(CO61,CO77,CO124,CO171,CO108) -> 3402 | CP45: =SUM(CM45,CK45,CO45) -> 80624 | CQ45: =SUM(CQ61,CQ77,CQ124,CQ171,CQ108) -> 11626 | CR45: =SUM(CR61,CR77,CR124,CR171,CR108) -> 0 | CS45: =SUM(CS61,CS77,CS124,CS171,CS108) -> 0 | CT45: =SUM(CT61,CT77,CT124,CT171,CT108) -> 0 | CU45: =SUM(CU61,CU77,CU124,CU171,CU108) -> 0 | CV45: =SUM(CV61,CV77,CV124,CV171,CV108) -> 0 | CW45: =SUM(CW61,CW77,CW124,CW171,CW108) -> 0 | CX45: =SUM(CX61,CX77,CX124,CX171,CX108) -> 0 | ... DA45: =SUM(DA61,DA77,DA124,DA171,DA108) -> 0 | DB45: =SUM(CP45,CQ45) -> 92250 | DC45: =SUM(CO45,CN45) -> 3402 | DG45: =SUM(DB45,DF45) -> 92250 | DH45: =SUM(DC45) -> 3402
C46: Уалихановский | Y46: =SUM(Y62,Y78,Y93,Y109,Y125,Y140,Y156,Y172) -> 217 | AF46: =SUM(AS46:AU46,AY46,BA46:BB46,BG46:BL46) -> 340182 | AG46: =SUM(AG62,AG78,AG125,AG172,AG109) -> 78040 | AH46: =SUM(AH62,AH78,AH125,AH172,AH109) -> 32 | AI46: =SUM(AI62,AI78,AI125,AI172,AI109) -> 17 | AJ46: =SUM(AJ62,AJ78,AJ125,AJ172,AJ109) -> 0 | AK46: =SUM(AK62,AK78,AK125,AK172,AK109) -> 0 | AL46: =SUM(AL62,AL78,AL125,AL172,AL109) -> 328 | AM46: =SUM(AM62,AM78,AM125,AM172,AM109) -> 0 | AN46: =SUM(AN62,AN78,AN125,AN172,AN109) -> 0 | ... AQ46: =SUM(AQ62,AQ78,AQ125,AQ172,AQ109) -> 55681 | AR46: =SUM(AR62,AR78,AR93,AR109,AR125,AR140,AR156,AR172) -> 0 | AS46: =SUM(AG46,AH46,AK46,AL46,AO46) -> 323348 | AT46: =SUM(AT62,AT78,AT125,AT172,AT109) -> 0 | AU46: =SUM(AU62,AU78,AU125,AU172,AU109) -> 0 | AV46: =SUM(AV62,AV78,AV125,AV172,AV109) -> 0 | AW46: =SUM(AW62,AW78,AW125,AW172,AW109) -> 0 | AX46: =SUM(AX62,AX78,AX125,AX172,AX109) -> 0 | AY46: =SUM(AY62,AY78,AY125,AY172,AY109) -> 772 | AZ46: =SUM(AZ62,AZ78,AZ125,AZ172,AZ109) -> 153 | BA46: =SUM(BA62,BA78,BA125,BA172,BA109) -> 1014 | BB46: =SUM(BC46,BD46,BF46) -> 1045 | BC46: =SUM(BC62,BC78,BC125,BC172,BC109) -> 223 | BD46: =SUM(BD62,BD78,BD125,BD172,BD109) -> 705 | BE46: =SUM(BE62,BE78,BE125,BE172,BE109) -> 0 | BF46: =SUM(BF62,BF78,BF125,BF172,BF109) -> 117 | BG46: =SUM(BG62,BG78,BG125,BG172,BG109) -> 0 | BH46: =SUM(BH62,BH78,BH125,BH172,BH109) -> 950 | BI46: =SUM(BI62,BI78,BI125,BI172,BI109) -> 0 | BJ46: =SUM(BJ62,BJ78,BJ125,BJ172,BJ109) -> 0 | BK46: =SUM(BK62,BK78,BK125,BK172,BK109) -> 0 | BL46: =SUM(BM46:BP46) -> 13053 | BM46: =SUM(BM62,BM78,BM125,BM172,BM109) -> 0 | BN46: =SUM(BN62,BN78,BN125,BN172,BN109) -> 0 | BO46: =SUM(BO62,BO78,BO125,BO172,BO109) -> 0 | BP46: =SUM(BP62,BP78,BP125,BP172,BP109) -> 13053 | BQ46: =SUM(AU46,AY46,BA46,BB46,BG46,BH46,BI46,BJ46,BK46,BL46) -> 16834 | BR46: =SUM(BR62,BR78,BR125,BR172,BR109) -> 0 | BS46: =SUM(BS62,BS78,BS125,BS172,BS109) -> 0 | BT46: =SUM(BT62,BT78,BT125,BT172,BT109) -> 0 | BU46: =SUM(BU62,BU78,BU125,BU172,BU109) -> 0 | BV46: =SUM(BV62,BV78,BV125,BV172,BV109) -> 0 | BW46: =SUM(BW62,BW78,BW125,BW172,BW109) -> 0 | BX46: =SUM(BX62,BX78,BX125,BX172,BX109) -> 0 | BY46: =SUM(BY62,BY78,BY125,BY172,BY109) -> 0 | ... CO46: =SUM(CO62,CO78,CO125,CO172,CO109) -> 17152 | CP46: =SUM(CM46,CK46,CO46) -> 70698 | CQ46: =SUM(CQ62,CQ78,CQ125,CQ172,CQ109) -> 0 | CR46: =SUM(CR62,CR78,CR125,CR172,CR109) -> 0 | CS46: =SUM(CS62,CS78,CS125,CS172,CS109) -> 0 | CT46: =SUM(CT62,CT78,CT125,CT172,CT109) -> 0 | CU46: =SUM(CU62,CU78,CU125,CU172,CU109) -> 0 | CV46: =SUM(CV62,CV78,CV125,CV172,CV109) -> 0 | CW46: =SUM(CW62,CW78,CW125,CW172,CW109) -> 0 | CX46: =SUM(CX62,CX78,CX125,CX172,CX109) -> 0 | ... DA46: =SUM(DA62,DA78,DA125,DA172,DA109) -> 0 | DB46: =SUM(CP46,CQ46) -> 70698 | DC46: =SUM(CO46,CN46) -> 17152 | DG46: =SUM(DB46,DF46) -> 70698 | DH46: =SUM(DC46) -> 17152
C47: Шал акына | Y47: =SUM(Y63,Y79,Y94,Y110,Y126,Y141,Y157,Y173) -> 178 | AF47: =SUM(AS47:AU47,AY47,BA47:BB47,BG47:BL47) -> 85877 | AG47: =SUM(AG63,AG79,AG126,AG173,AG110) -> 66656 | AH47: =SUM(AH63,AH79,AH126,AH173,AH110) -> 49 | AI47: =SUM(AI63,AI79,AI126,AI173,AI110) -> 16 | AJ47: =SUM(AJ63,AJ79,AJ126,AJ173,AJ110) -> 0 | AK47: =SUM(AK63,AK79,AK126,AK173,AK110) -> 0 | AL47: =SUM(AL63,AL79,AL126,AL173,AL110) -> 554 | AM47: =SUM(AM63,AM79,AM126,AM173,AM110) -> 477 | AN47: =SUM(AN63,AN79,AN126,AN173,AN110) -> 0 | ... AQ47: =SUM(AQ63,AQ79,AQ126,AQ173,AQ110) -> 5198 | AR47: =SUM(AR63,AR79,AR94,AR110,AR126,AR141,AR157,AR173) -> 0 | AS47: =SUM(AG47,AH47,AK47,AL47,AO47) -> 84764 | AT47: =SUM(AT63,AT79,AT126,AT173,AT110) -> 0 | AU47: =SUM(AU63,AU79,AU126,AU173,AU110) -> 0 | AV47: =SUM(AV63,AV79,AV126,AV173,AV110) -> 0 | AW47: =SUM(AW63,AW79,AW126,AW173,AW110) -> 0 | AX47: =SUM(AX63,AX79,AX126,AX173,AX110) -> 0 | AY47: =SUM(AY63,AY79,AY126,AY173,AY110) -> 340 | AZ47: =SUM(AZ63,AZ79,AZ126,AZ173,AZ110) -> 60 | BA47: =SUM(BA63,BA79,BA126,BA173,BA110) -> 193 | BB47: =SUM(BC47,BD47,BF47) -> 165 | BC47: =SUM(BC63,BC79,BC126,BC173,BC110) -> 37 | BD47: =SUM(BD63,BD79,BD126,BD173,BD110) -> 117 | BE47: =SUM(BE63,BE79,BE126,BE173,BE110) -> 1 | BF47: =SUM(BF63,BF79,BF126,BF173,BF110) -> 11 | BG47: =SUM(BG63,BG79,BG126,BG173,BG110) -> 0 | BH47: =SUM(BH63,BH79,BH126,BH173,BH110) -> 345 | BI47: =SUM(BI63,BI79,BI126,BI173,BI110) -> 0 | BJ47: =SUM(BJ63,BJ79,BJ126,BJ173,BJ110) -> 0 | BK47: =SUM(BK63,BK79,BK126,BK173,BK110) -> 0 | BL47: =SUM(BM47:BP47) -> 70 | BM47: =SUM(BM63,BM79,BM126,BM173,BM110) -> 0 | BN47: =SUM(BN63,BN79,BN126,BN173,BN110) -> 0 | BO47: =SUM(BO63,BO79,BO126,BO173,BO110) -> 0 | BP47: =SUM(BP63,BP79,BP126,BP173,BP110) -> 70 | BQ47: =SUM(AU47,AY47,BA47,BB47,BG47,BH47,BI47,BJ47,BK47,BL47) -> 1113 | BR47: =SUM(BR63,BR79,BR126,BR173,BR110) -> 1432 | BS47: =SUM(BS63,BS79,BS126,BS173,BS110) -> 0 | BT47: =SUM(BT63,BT79,BT126,BT173,BT110) -> 1112 | BU47: =SUM(BU63,BU79,BU126,BU173,BU110) -> 0 | BV47: =SUM(BV63,BV79,BV126,BV173,BV110) -> 0 | BW47: =SUM(BW63,BW79,BW126,BW173,BW110) -> 0 | BX47: =SUM(BX63,BX79,BX126,BX173,BX110) -> 0 | BY47: =SUM(BY63,BY79,BY126,BY173,BY110) -> 0 | ... CO47: =SUM(CO63,CO79,CO126,CO173,CO110) -> 194 | CP47: =SUM(CM47,CK47,CO47) -> 58548 | CQ47: =SUM(CQ63,CQ79,CQ126,CQ173,CQ110) -> 11220 | CR47: =SUM(CR63,CR79,CR126,CR173,CR110) -> 0 | CS47: =SUM(CS63,CS79,CS126,CS173,CS110) -> 0 | CT47: =SUM(CT63,CT79,CT126,CT173,CT110) -> 0 | CU47: =SUM(CU63,CU79,CU126,CU173,CU110) -> 0 | CV47: =SUM(CV63,CV79,CV126,CV173,CV110) -> 0 | CW47: =SUM(CW63,CW79,CW126,CW173,CW110) -> 31000 | CX47: =SUM(CX63,CX79,CX126,CX173,CX110) -> 0 | ... DA47: =SUM(DA63,DA79,DA126,DA173,DA110) -> 0 | DB47: =SUM(CP47,CQ47) -> 69768 | DC47: =SUM(CO47,CN47) -> 194 | DG47: =SUM(DB47,DF47) -> 69768 | DH47: =SUM(DC47) -> 194
C48: г.Петропавловск | Y48: =SUM(Y64,Y80,Y95,Y111,Y127,Y142,Y158,Y174) -> 0 | AF48: =SUM(AS48:AU48,AY48,BA48:BB48,BG48:BL48) -> 0 | AG48: =SUM(AG64,AG80,AG95,AG111,AG127,AG142,AG158,AG174) -> 0 | AH48: =SUM(AH64,AH80,AH95,AH111,AH127,AH142,AH158,AH174) -> 0 | AI48: =SUM(AI64,AI80,AI95,AI111,AI127,AI142,AI158,AI174) -> 0 | AJ48: =SUM(AJ64,AJ80,AJ95,AJ111,AJ127,AJ142,AJ158,AJ174) -> 0 | AK48: =SUM(AK64,AK80,AK95,AK111,AK127,AK142,AK158,AK174) -> 0 | AL48: =SUM(AL64,AL80,AL95,AL111,AL127,AL142,AL158,AL174) -> 0 | AM48: =SUM(AM64,AM80,AM95,AM111,AM127,AM142,AM158,AM174) -> 0 | AN48: =SUM(AN64,AN80,AN95,AN111,AN127,AN142,AN158,AN174) -> 0 | ... AR48: =SUM(AR64,AR80,AR95,AR111,AR127,AR142,AR158,AR174) -> 0 | AS48: =SUM(AG48,AH48,AK48,AL48,AO48) -> 0 | AT48: =SUM(AT64,AT80,AT95,AT111,AT127,AT142,AT158,AT174) -> 0 | AU48: =SUM(AV48:AX48) -> 0 | AV48: =SUM(AV64,AV80,AV95,AV111,AV127,AV142,AV158,AV174) -> 0 | AW48: =SUM(AW64,AW80,AW95,AW111,AW127,AW142,AW158,AW174) -> 0 | AX48: =SUM(AX64,AX80,AX95,AX111,AX127,AX142,AX158,AX174) -> 0 | AY48: =SUM(AY64,AY80,AY95,AY111,AY127,AY142,AY158,AY174) -> 0 | AZ48: =SUM(AZ64,AZ80,AZ95,AZ111,AZ127,AZ142,AZ158,AZ174) -> 0 | BA48: =SUM(BA64,BA80,BA95,BA111,BA127,BA142,BA158,BA174) -> 0 | BB48: =SUM(BC48,BD48,BF48) -> 0 | BC48: =SUM(BC64,BC80,BC95,BC111,BC127,BC142,BC158,BC174) -> 0 | BD48: =SUM(BD64,BD80,BD95,BD111,BD127,BD142,BD158,BD174) -> 0 | BE48: =SUM(BE64,BE80,BE95,BE111,BE127,BE142,BE158,BE174) -> 0 | BF48: =SUM(BF64,BF80,BF95,BF111,BF127,BF142,BF158,BF174) -> 0 | BG48: =SUM(BG64,BG80,BG95,BG111,BG127,BG142,BG158,BG174) -> 0 | BH48: =SUM(BH64,BH80,BH95,BH111,BH127,BH142,BH158,BH174) -> 0 | BI48: =SUM(BI64,BI80,BI95,BI111,BI127,BI142,BI158,BI174) -> 0 | BJ48: =SUM(BJ64,BJ80,BJ95,BJ111,BJ127,BJ142,BJ158,BJ174) -> 0 | BK48: =SUM(BK64,BK80,BK95,BK111,BK127,BK142,BK158,BK174) -> 0 | BL48: =SUM(BM48:BP48) -> 0 | BM48: =SUM(BM64,BM80,BM95,BM111,BM127,BM142,BM158,BM174) -> 0 | BN48: =SUM(BN64,BN80,BN95,BN111,BN127,BN142,BN158,BN174) -> 0 | BO48: =SUM(BO64,BO80,BO95,BO111,BO127,BO142,BO158,BO174) -> 0 | BP48: =SUM(BP64,BP80,BP95,BP111,BP127,BP142,BP158,BP174) -> 0 | BR48: =SUM(BR64,BR80,BR95,BR111,BR127,BR142,BR158,BR174) -> 0 | BS48: =SUM(BS64,BS80,BS95,BS111,BS127,BS142,BS158,BS174) -> 0 | BT48: =SUM(BT64,BT80,BT95,BT111,BT127,BT142,BT158,BT174) -> 0 | BU48: =SUM(BU64,BU80,BU95,BU111,BU127,BU142,BU158,BU174) -> 0 | BV48: =SUM(BV64,BV80,BV95,BV111,BV127,BV142,BV158,BV174) -> 0 | BW48: =SUM(BW64,BW80,BW95,BW111,BW127,BW142,BW158,BW174) -> 0 | BX48: =SUM(BX64,BX80,BX95,BX111,BX127,BX142,BX158,BX174) -> 0 | BY48: =SUM(BY64,BY80,BY95,BY111,BY127,BY142,BY158,BY174) -> 0 | ... CO48: =SUM(CO64,CO80,CO95,CO111,CO127,CO142,CO158,CO174) -> 0 | CP48: =SUM(CM48,CK48,CO48) -> 0 | CQ48: =SUM(CQ64,CQ80,CQ95,CQ111,CQ127,CQ142,CQ158,CQ174) -> 0 | CR48: =SUM(CR64,CR80,CR95,CR111,CR127,CR142,CR158,CR174) -> 0 | CS48: =SUM(CS64,CS80,CS95,CS111,CS127,CS142,CS158,CS174) -> 0 | CT48: =SUM(CT64,CT80,CT95,CT111,CT127,CT142,CT158,CT174) -> 0 | CU48: =SUM(CU64,CU80,CU95,CU111,CU127,CU142,CU158,CU174) -> 0 | CV48: =SUM(CV64,CV80,CV95,CV111,CV127,CV142,CV158,CV174) -> 0 | CW48: =SUM(CW64,CW80,CW95,CW111,CW127,CW142,CW158,CW174) -> 0 | CX48: =SUM(CX64,CX80,CX95,CX111,CX127,CX142,CX158,CX174) -> 0 | ... DA48: =SUM(DA64,DA80,DA95,DA111,DA127,DA142,DA158,DA174) -> 0 | DB48: =SUM(CP48,CQ48) -> 0 | DC48: =SUM(CO48,CN48) -> 0 | DG48: =SUM(DB48,DF48) -> 0 | DH48: =SUM(DC48) -> 0
B49: 1.1.1 | C49: шаруа (фермер) қожалықтары крестьянские (фермерские) хозяйства | Y49: =SUM(Y51:Y64) -> 2872 | Z49: =SUM(Z51:Z64) -> 0 | AA49: =SUM(AA51:AA64) -> 0 | AB49: =SUM(AB51:AB64) -> 0 | AC49: =SUM(AC51:AC64) -> 0 | AD49: =SUM(AD51:AD64) -> 0 | AE49: =SUM(AE51:AE64) -> 0 | AF49: =SUM(AS49:AU49,AY49,BA49:BB49,BG49:BL49) -> 1619.5 | AG49: 980.5 | AH49: 0.2 | AI49: 0.1 | AK49: 0.1 | AL49: 4.1 | AM49: 1.1 | AO49: 581.7 | AP49: 130.5 | AQ49: 176.5 | AR49: =SUM(AR51:AR64) -> 0 | AS49: =SUM(AG49,AH49,AK49,AL49,AO49) -> 1566.6 | AT49: =SUM(AT51:AT64) -> 0 | AY49: 9.2 | AZ49: 1.4 | BA49: 8.5 | BB49: =SUM(BC49,BD49,BF49) -> 12.9 | BC49: 1 | BD49: 11.4 | BE49: 6.4 | BF49: 0.5 | BH49: 6.3 | BJ49: 0.3 | BK49: 0.1 | BL49: =SUM(BM49:BP49) -> 15.6 | BP49: 15.6 | BQ49: =SUM(AF49-AS49) -> 52.9 | BR49: =SUM(CH49,CJ49) -> 3 | BS49: =SUM(BS51:BS64) -> 0 | BT49: 1.6 | BU49: =SUM(BU51:BU64) -> 0 | BW49: =SUM(BW51:BW64) -> 0 | BX49: =SUM(BX51:BX64) -> 0 | BY49: =SUM(BY51:BY64) -> 0 | BZ49: =SUM(BZ51:BZ64) -> 0 | CA49: =SUM(CA51:CA64) -> 0 | CB49: 0.4 | CC49: =SUM(CC51:CC64) -> 0 | CD49: 0.4 | CE49: 1 | CF49: =SUM(CF51:CF64) -> 0 | CG49: 0.3 | CH49: =SUM(CE49,CB49,BZ49,BV49,BT49) -> 3 | CI49: =SUM(CI51:CI64) -> 0 | CK49: 0.4 | CL49: =SUM(CL51:CL64) -> 0 | CM49: 931.4 | CN49: 1 | CO49: 47 | CP49: =SUM(CM49,CK49,CO49) -> 978.8 | CQ49: 52.4 | CR49: 0.3 | CW49: 150.3 | CX49: 119.3 | DB49: =SUM(CP49,CQ49) -> 1031.2 | DC49: =SUM(CO49,CN49) -> 48 | DD49: =SUM(DD51:DD64) -> 0 | DE49: 0.1 | DF49: 0.1 | DG49: =SUM(DB49,DF49) -> 1031.3 | DH49: =SUM(DC49) -> 48 | DI49: =SUM(DI51:DI64) -> 0 | DJ49: =SUM(DJ51:DJ64) -> 0 | DK49: =SUM(DK51:DK64) -> 0 | DL49: =SUM(DL51:DL64) -> 0 | DM49: =SUM(DM51:DM64) -> 0 | DN49: =SUM(DN51:DN64) -> 0 | DO49: =SUM(DO51:DO64) -> 0 | DP49: =SUM(DP51:DP64) -> 0 | ... EH49: =SUM(EH51:EH64) -> 0
Y50: =SUM(Y51:Y64) -> 2872 | AF50: =SUM(AS50:AU50,AY50,BA50:BB50,BG50:BL50) -> 1619466 | AG50: =SUM(AG51:AG64) -> 980536.3 | AH50: =SUM(AH51:AH64) -> 196 | AI50: =SUM(AI51:AI64) -> 90 | AJ50: =SUM(AJ51:AJ64) -> 2 | AK50: =SUM(AK51:AK64) -> 51 | AL50: =SUM(AL51:AL64) -> 4071 | AM50: =SUM(AM51:AM64) -> 1045 | AN50: =SUM(AN51:AN64) -> 0 | ... AR50: =SUM(AR51:AR64) -> 0 | AS50: =SUM(AG50,AH50,AK50,AL50,AO50) -> 1566613.7 | AT50: =SUM(AT51:AT64) -> 0 | AU50: =SUM(AU51:AU64) -> 1 | AV50: =SUM(AV51:AV64) -> 1 | AW50: =SUM(AW51:AW64) -> 0 | AX50: =SUM(AX51:AX64) -> 0 | AY50: =SUM(AY51:AY64) -> 9113 | AZ50: =SUM(AZ51:AZ64) -> 1425 | BA50: =SUM(BA51:BA64) -> 8554 | BB50: =SUM(BC50,BD50,BF50) -> 12911.8 | BC50: =SUM(BC51:BC64) -> 1009 | BD50: =SUM(BD51:BD64) -> 11384.8 | BE50: =SUM(BE51:BE64) -> 6425 | BF50: =SUM(BF51:BF64) -> 518 | BG50: =SUM(BG51:BG64) -> 11 | BH50: =SUM(BH51:BH64) -> 6261.5 | BI50: =SUM(BI51:BI64) -> 2 | BJ50: =SUM(BJ51:BJ64) -> 261 | BK50: =SUM(BK51:BK64) -> 77 | BL50: =SUM(BM50:BP50) -> 15660 | BM50: =SUM(BM51:BM64) -> 5 | BN50: =SUM(BN51:BN64) -> 1 | BO50: =SUM(BO51:BO64) -> 0 | BP50: =SUM(BP51:BP64) -> 15654 | BQ50: =SUM(AF50-AS50) -> 52852.3 | BR50: =SUM(CH50,CJ50) -> 2959 | BT50: =SUM(BT51:BT64) -> 1607 | BU50: =SUM(BU51:BU64) -> 0 | BV50: =SUM(BV51:BV64) -> 5 | BW50: =SUM(BW51:BW64) -> 0 | BX50: =SUM(BX51:BX64) -> 0 | BY50: =SUM(BY51:BY64) -> 0 | BZ50: =SUM(BZ51:BZ64) -> 0 | CA50: =SUM(CA51:CA64) -> 0 | ... CJ50: =SUM(CJ51:CJ64) -> 2 | CK50: =SUM(CK51:CK63) -> 399 | CL50: =SUM(CL51:CL63) -> 0 | CM50: =SUM(CM51:CM63) -> 931469.5 | CN50: =SUM(CN51:CN63) -> 975 | CO50: =SUM(CO51:CO63) -> 46977 | CP50: =SUM(CM50,CK50,CO50) -> 978845.5 | CQ50: =SUM(CQ51:CQ63) -> 52374.5 | CR50: =SUM(CR51:CR63) -> 333 | CW50: =SUM(CW51:CW63) -> 150303 | CX50: =SUM(CX51:CX63) -> 119303 | DB50: =SUM(CP50,CQ50) -> 1031220 | DC50: =SUM(CO50,CN50) -> 47952 | DE50: 51 | DF50: 51 | DG50: =SUM(DB50,DF50) -> 1031271 | DH50: =SUM(DC50) -> 47952
C51: Айыртауский | Y51: 203 | AF51: =SUM(AS51:AU51,AY51,BA51:BB51,BG51:BL51) -> 84800 | AG51: 56823 | AO51: 26262 | AP51: 7735 | AQ51: 6007 | AS51: =SUM(AG51,AH51,AK51,AL51,AO51) -> 83085 | AU51: =SUM(AV51:AX51) -> 0 | AY51: 292 | AZ51: 105 | BA51: 490 | BB51: =SUM(BC51,BD51,BF51) -> 399 | BC51: 55 | BD51: 334 | BE51: 22 | BF51: 10 | BH51: 340 | BI51: 1 | BJ51: 65 | BK51: 35 | BL51: =SUM(BM51:BP51) -> 93 | BM51: 5 | BN51: 1 | BP51: 87 | BQ51: =SUM(AF51-AS51) -> 1715 | BR51: =SUM(CH51,CI51) -> 16 | BT51: 16 | CH51: =SUM(CE51,CB51,BZ51,BV51,BT51) -> 16 | CM51: 56075 | CN51: 515 | CP51: =SUM(CM51,CK51,CO51) -> 56075 | DB51: =SUM(CP51,CQ51) -> 56075 | DC51: =SUM(CO51,CN51) -> 515 | DG51: =SUM(DB51,DF51) -> 56075 | DH51: =SUM(DC51) -> 515
C52: Акжарский | Y52: 229 | AF52: =SUM(AS52:AU52,AY52,BA52:BB52,BG52:BL52) -> 218167 | AG52: 140395 | AH52: 2 | AI52: 2 | AL52: 59 | AO52: 75920 | AP52: 28905 | AQ52: 15188 | AS52: =SUM(AG52,AH52,AK52,AL52,AO52) -> 216376 | AU52: =SUM(AV52:AX52) -> 0 | AY52: 272 | AZ52: 172 | BA52: 116 | BB52: =SUM(BC52,BD52,BF52) -> 377 | BC52: 98 | BD52: 76 | BF52: 203 | BH52: 710 | BJ52: 75 | BL52: =SUM(BM52:BP52) -> 241 | BP52: 241 | BQ52: =SUM(AF52-AS52) -> 1791 | BR52: =SUM(CH52,CI52) -> 0 | CH52: =SUM(CE52,CB52,BZ52,BV52,BT52) -> 0 | CM52: 143371 | CO52: 5699 | CP52: =SUM(CM52,CK52,CO52) -> 149070 | DB52: =SUM(CP52,CQ52) -> 149070 | DC52: =SUM(CO52,CN52) -> 5699 | DG52: =SUM(DB52,DF52) -> 149070 | DH52: =SUM(DC52) -> 5699
C53: Аккайынский | Y53: 183 | AF53: =SUM(AS53:AU53,AY53,BA53:BB53,BG53:BL53) -> 69280 | AG53: 46971 | AH53: 19 | AO53: 18850 | AP53: 4365 | AQ53: 9616 | AS53: =SUM(AG53,AH53,AK53,AL53,AO53) -> 65840 | AU53: =SUM(AV53:AX53) -> 0 | AY53: 933 | AZ53: 91 | BA53: 705 | BB53: =SUM(BC53,BD53,BF53) -> 1155 | BD53: 1134 | BE53: 57 | BF53: 21 | BG53: 8 | BH53: 354 | BI53: 1 | BJ53: 99 | BL53: =SUM(BM53:BP53) -> 185 | BP53: 185 | BQ53: =SUM(AF53-AS53) -> 3440 | BR53: =SUM(CH53,CI53) -> 0 | CH53: =SUM(CE53,CB53,BZ53,BV53,BT53) -> 0 | CM53: 42074 | CN53: 129 | CO53: 864 | CP53: =SUM(CM53,CK53,CO53) -> 42938 | CQ53: 4983 | CW53: 7600 | CX53: 7600 | DB53: =SUM(CP53,CQ53) -> 47921 | DC53: =SUM(CO53,CN53) -> 993 | DG53: =SUM(DB53,DF53) -> 47921 | DH53: =SUM(DC53) -> 993
C54: Г.Мусрепова | Y54: 230 | AF54: =SUM(AS54:AU54,AY54,BA54:BB54,BG54:BL54) -> 153999 | AG54: 113550 | AH54: 16 | AI54: 14 | AJ54: 2 | AO54: 37594 | AP54: 11026 | AQ54: 13924 | AS54: =SUM(AG54,AH54,AK54,AL54,AO54) -> 151160 | AU54: =SUM(AV54:AX54) -> 0 | AY54: 505 | AZ54: 4 | BA54: 632 | BB54: =SUM(BC54,BD54,BF54) -> 563 | BC54: 292 | BD54: 238 | BF54: 33 | BH54: 590 | BJ54: 3 | BK54: 42 | BL54: =SUM(BM54:BP54) -> 504 | BP54: 504 | BQ54: =SUM(AF54-AS54) -> 2839 | BR54: =SUM(CH54,CI54) -> 964 | BT54: 37 | CE54: 927 | CG54: 321 | CH54: =SUM(CE54,CB54,BZ54,BV54,BT54) -> 964 | CM54: 122414 | CO54: 4619 | CP54: =SUM(CM54,CK54,CO54) -> 127033 | CQ54: 6621 | DB54: =SUM(CP54,CQ54) -> 133654 | DC54: =SUM(CO54,CN54) -> 4619 | DG54: =SUM(DB54,DF54) -> 133654 | DH54: =SUM(DC54) -> 4619
C55: Есильский | Y55: 164 | AF55: =SUM(AS55:AU55,AY55,BA55:BB55,BG55:BL55) -> 33555 | AG55: 25087 | AH55: 28 | AI55: 21 | AL55: 424 | AM55: 310 | AO55: 6801 | AP55: 2002 | AQ55: 2891 | AS55: =SUM(AG55,AH55,AK55,AL55,AO55) -> 32340 | AU55: =SUM(AV55:AX55) -> 0 | AY55: 205 | AZ55: 40 | BA55: 169 | BB55: =SUM(BC55,BD55,BF55) -> 606 | BC55: 26 | BD55: 578 | BE55: 578 | BF55: 2 | BH55: 177 | BJ55: 7 | BL55: =SUM(BM55:BP55) -> 51 | BP55: 51 | BQ55: =SUM(AF55-AS55) -> 1215 | BR55: =SUM(CH55,CI55) -> 0 | CH55: =SUM(CE55,CB55,BZ55,BV55,BT55) -> 0 | CM55: 22205.5 | CN55: 92 | CO55: 787 | CP55: =SUM(CM55,CK55,CO55) -> 22992.5 | CQ55: 2735.5 | CW55: 10600 | CX55: 10600 | DB55: =SUM(CP55,CQ55) -> 25728 | DC55: =SUM(CO55,CN55) -> 879 | DG55: =SUM(DB55,DF55) -> 25728 | DH55: =SUM(DC55) -> 879
C56: Жамбылский | Y56: 230 | AF56: =SUM(AS56:AU56,AY56,BA56:BB56,BG56:BL56) -> 122757 | AG56: 75231 | AH56: 10 | AI56: 10 | AO56: 39402 | AP56: 2420 | AQ56: 29458 | AS56: =SUM(AG56,AH56,AK56,AL56,AO56) -> 114643 | AU56: =SUM(AV56:AX56) -> 0 | AY56: 1213 | AZ56: 19 | BA56: 2012 | BB56: =SUM(BC56,BD56,BF56) -> 3928 | BD56: 3914 | BE56: 2798 | BF56: 14 | BH56: 593 | BJ56: 1 | BL56: =SUM(BM56:BP56) -> 367 | BP56: 367 | BQ56: =SUM(AF56-AS56) -> 8114 | BR56: =SUM(CH56,CI56) -> 0 | CH56: =SUM(CE56,CB56,BZ56,BV56,BT56) -> 0 | CM56: 73317 | CO56: 869 | CP56: =SUM(CM56,CK56,CO56) -> 74186 | CQ56: 4775 | DB56: =SUM(CP56,CQ56) -> 78961 | DC56: =SUM(CO56,CN56) -> 869 | DG56: =SUM(DB56,DF56) -> 78961 | DH56: =SUM(DC56) -> 869
C57: Кызылжарский | Y57: 280 | AF57: =SUM(AS57:AU57,AY57,BA57:BB57,BG57:BL57) -> 73707 | AG57: 45735 | AL57: 2706 | AM57: 258 | AO57: 21556 | AP57: 82 | AQ57: 13202 | AS57: =SUM(AG57,AH57,AK57,AL57,AO57) -> 69997 | AU57: =SUM(AV57:AX57) -> 0 | AY57: 716 | AZ57: 105 | BA57: 677 | BB57: =SUM(BC57,BD57,BF57) -> 1663 | BC57: 277 | BD57: 1376 | BE57: 1350 | BF57: 10 | BG57: 3 | BH57: 485 | BL57: =SUM(BM57:BP57) -> 166 | BP57: 166 | BQ57: =SUM(AF57-AS57) -> 3710 | BR57: =SUM(CH57,CJ57) -> 309 | BT57: 226 | CB57: 83 | CD57: 83 | CH57: =SUM(CE57,CB57,BZ57,BV57,BT57) -> 309 | CM57: 45029 | CO57: 411 | CP57: =SUM(CM57,CK57,CO57) -> 45440 | CQ57: 1521 | DB57: =SUM(CP57,CQ57) -> 46961 | DC57: =SUM(CO57,CN57) -> 411 | DG57: =SUM(DB57,DF57) -> 46961 | DH57: =SUM(DC57) -> 411
C58: М.Жумабаева | Y58: 234 | AF58: =SUM(AS58:AU58,AY58,BA58:BB58,BG58:BL58) -> 146028 | AG58: 112436 | AH58: 36 | AI58: 10 | AO58: 29023 | AP58: 7701 | AQ58: 4230 | AS58: =SUM(AG58,AH58,AK58,AL58,AO58) -> 141495 | AU58: =SUM(AV58:AX58) -> 0 | AY58: 2009 | AZ58: 390 | BA58: 1239 | BB58: =SUM(BC58,BD58,BF58) -> 214 | BD58: 174 | BE58: 1 | BF58: 40 | BH58: 696 | BJ58: 3 | BL58: =SUM(BM58:BP58) -> 372 | BP58: 372 | BQ58: =SUM(AF58-AS58) -> 4533 | BR58: =SUM(CH58,CJ58) -> 0 | CH58: =SUM(CE58,CB58,BZ58,BV58,BT58) -> 0 | CK58: 283 | CM58: 110537 | CN58: 130 | CO58: 6107 | CP58: =SUM(CM58,CK58,CO58) -> 116927 | CQ58: 4838 | CR58: 333 | CW58: 87000 | CX58: 87000 | DB58: =SUM(CP58,CQ58) -> 121765 | DC58: =SUM(CO58,CN58) -> 6237 | DG58: =SUM(DB58,DF58) -> 121765 | DH58: =SUM(DC58) -> 6237
C59: Мамлютский | Y59: 179 | AF59: =SUM(AS59:AU59,AY59,BA59:BB59,BG59:BL59) -> 56389 | AG59: 35406.3 | AH59: 23 | AK59: 51 | AO59: 17881.4 | AP59: 3094 | AQ59: 6328 | AS59: =SUM(AG59,AH59,AK59,AL59,AO59) -> 53361.7 | AU59: =SUM(AV59:AX59) -> 0 | AY59: 369 | AZ59: 78 | BA59: 824 | BB59: =SUM(BC59,BD59,BF59) -> 1506.8 | BD59: 1499.8 | BE59: 1343 | BF59: 7 | BH59: 265.5 | BJ59: 5 | BL59: =SUM(BM59:BP59) -> 57 | BP59: 57 | BQ59: =SUM(AF59-AS59) -> 3027.3 | BR59: =SUM(CH59,CJ59) -> 62 | BT59: 40 | BV59: 5 | CE59: 15 | CH59: =SUM(CE59,CB59,BZ59,BV59,BT59) -> 60 | CJ59: 2 | CM59: 29385 | CN59: 109 | CO59: 399 | CP59: =SUM(CM59,CK59,CO59) -> 29784 | CQ59: 5447 | CW59: 14103 | CX59: 14103 | DB59: =SUM(CP59,CQ59) -> 35231 | DC59: =SUM(CO59,CN59) -> 508 | DE59: 51 | DF59: 51 | DG59: =SUM(DB59,DF59) -> 35282 | DH59: =SUM(DC59) -> 508
C60: Тайыншинский | Y60: 293 | AF60: =SUM(AS60:AU60,AY60,BA60:BB60,BG60:BL60) -> 141461 | AG60: 106699 | AH60: 7 | AO60: 32499 | AP60: 11890 | AQ60: 4158 | AS60: =SUM(AG60,AH60,AK60,AL60,AO60) -> 139205 | AU60: =SUM(AV60:AX60) -> 1 | AV60: 1 | AY60: 406 | AZ60: 166 | BA60: 173 | BB60: =SUM(BC60,BD60,BF60) -> 981 | BC60: 6 | BD60: 937 | BF60: 38 | BH60: 446 | BL60: =SUM(BM60:BP60) -> 249 | BP60: 249 | BQ60: =SUM(AF60-AS60) -> 2256 | BR60: =SUM(CH60,CJ60) -> 176 | BT60: 176 | CH60: =SUM(CE60,CB60,BZ60,BV60,BT60) -> 176 | CM60: 100378 | CO60: 6474 | CP60: =SUM(CM60,CK60,CO60) -> 106852 | CQ60: 411 | DB60: =SUM(CP60,CQ60) -> 107263 | DC60: =SUM(CO60,CN60) -> 6474 | DG60: =SUM(DB60,DF60) -> 107263 | DH60: =SUM(DC60) -> 6474
C61: Тимирязевский | Y61: 276 | AF61: =SUM(AS61:AU61,AY61,BA61:BB61,BG61:BL61) -> 99709 | AG61: 81447 | AO61: 15904 | AQ61: 10729 | AS61: =SUM(AG61,AH61,AK61,AL61,AO61) -> 97351 | AU61: =SUM(AV61:AX61) -> 0 | AY61: 1110 | AZ61: 42 | BA61: 338 | BB61: =SUM(BC61,BD61,BF61) -> 314 | BD61: 302 | BE61: 275 | BF61: 12 | BH61: 332 | BJ61: 3 | BL61: =SUM(BM61:BP61) -> 261 | BP61: 261 | BQ61: =SUM(AF61-AS61) -> 2358 | BR61: =SUM(CH61,CJ61) -> 0 | CH61: =SUM(CE61,CB61,BZ61,BV61,BT61) -> 0 | CM61: 77114 | CO61: 3402 | CP61: =SUM(CM61,CK61,CO61) -> 80516 | CQ61: 11626 | DB61: =SUM(CP61,CQ61) -> 92142 | DC61: =SUM(CO61,CN61) -> 3402 | DG61: =SUM(DB61,DF61) -> 92142 | DH61: =SUM(DC61) -> 3402
C62: Уалихановский | Y62: 217 | AF62: =SUM(AS62:AU62,AY62,BA62:BB62,BG62:BL62) -> 340182 | AG62: 78040 | AH62: 32 | AI62: 17 | AJ62: =SUM(AJ78,AJ250) -> 0 | AK62: =SUM(AK78,AK250) -> 0 | AL62: 328 | AM62: =SUM(AM78,AM250) -> 0 | AN62: =SUM(AN78,AN250) -> 0 | AO62: 244948 | AP62: 47804 | AQ62: 55681 | AS62: =SUM(AG62,AH62,AK62,AL62,AO62) -> 323348 | AU62: =SUM(AV62:AX62) -> 0 | AY62: 772 | AZ62: 153 | BA62: 1014 | BB62: =SUM(BC62,BD62,BF62) -> 1045 | BC62: 223 | BD62: 705 | BE62: =SUM(BE78,BE250) -> 0 | BF62: 117 | BH62: 950 | BI62: =SUM(BI78,BI250) -> 0 | BJ62: =SUM(BJ78,BJ250) -> 0 | BK62: =SUM(BK78,BK250) -> 0 | BL62: =SUM(BM62:BP62) -> 13053 | BM62: =SUM(BM78,BM250) -> 0 | BN62: =SUM(BN78,BN250) -> 0 | BO62: =SUM(BO78,BO250) -> 0 | BP62: 13053 | BQ62: =SUM(AF62-AS62) -> 16834 | BR62: =SUM(CH62,CJ62) -> 0 | CH62: =SUM(CE62,CB62,BZ62,BV62,BT62) -> 0 | CM62: 53546 | CO62: 17152 | CP62: =SUM(CM62,CK62,CO62) -> 70698 | DB62: =SUM(CP62,CQ62) -> 70698 | DC62: =SUM(CO62,CN62) -> 17152 | DG62: =SUM(DB62,DF62) -> 70698 | DH62: =SUM(DC62) -> 17152
C63: Шал акына | Y63: 154 | AF63: =SUM(AS63:AU63,AY63,BA63:BB63,BG63:BL63) -> 79432 | AG63: 62716 | AH63: 23 | AI63: 16 | AL63: 554 | AM63: 477 | AO63: 15119 | AP63: 3447 | AQ63: 5044 | AS63: =SUM(AG63,AH63,AK63,AL63,AO63) -> 78412 | AU63: =SUM(AV63:AX63) -> 0 | AY63: 311 | AZ63: 60 | BA63: 165 | BB63: =SUM(BC63,BD63,BF63) -> 160 | BC63: 32 | BD63: 117 | BE63: 1 | BF63: 11 | BH63: 323 | BL63: =SUM(BM63:BP63) -> 61 | BP63: 61 | BQ63: =SUM(AF63-AS63) -> 1020 | BR63: =SUM(CH63,CJ63) -> 1432 | BT63: 1112 | CB63: 320 | CD63: 320 | CH63: =SUM(CE63,CB63,BZ63,BV63,BT63) -> 1432 | CK63: 116 | CM63: 56024 | CO63: 194 | CP63: =SUM(CM63,CK63,CO63) -> 56334 | CQ63: 9417 | CW63: 31000 | DB63: =SUM(CP63,CQ63) -> 65751 | DC63: =SUM(CO63,CN63) -> 194 | DG63: =SUM(DB63,DF63) -> 65751 | DH63: =SUM(DC63) -> 194
C64: г.Петропавловск | AF64: =SUM(AS64:AU64,AY64,BA64:BB64,BG64:BL64) -> 0 | AS64: =SUM(AG64,AH64,AK64,AL64,AO64) -> 0 | AU64: =SUM(AV64:AX64) -> 0 | BB64: =SUM(BC64,BD64,BF64) -> 0 | BL64: =SUM(BM64:BP64) -> 0 | CH64: =SUM(CE64,CB64,BZ64,BV64,BT64) -> 0 | CP64: =SUM(CM64,CK64,CO64) -> 0 | DB64: =SUM(CP64,CQ64) -> 0 | DC64: =SUM(CO64,CN64) -> 0 | DG64: =SUM(DB64,DF64) -> 0 | DH64: =SUM(DC64) -> 0
B65: 1.1.2 | C65: жеке қосалқы шаруашылықтар личные подсобные хозяйства | Y65: =SUM(Y67:Y80) -> 70 | Z65: =SUM(Z67:Z80) -> 0 | AA65: =SUM(AA67:AA80) -> 0 | AB65: =SUM(AB67:AB80) -> 0 | AC65: =SUM(AC67:AC80) -> 0 | AD65: =SUM(AD67:AD80) -> 0 | AE65: =SUM(AE67:AE80) -> 0 | AF65: =SUM(AS65:AU65,AY65,BA65:BB65,BG65:BL65) -> 23.5 | AG65: 11.4 | AO65: 11.1 | AP65: 0.5 | AQ65: 0.3 | AS65: =SUM(AG65,AH65,AK65,AL65,AO65) -> 22.5 | AY65: 0.1 | BA65: 0.1 | BB65: =SUM(BC65,BD65,BF65) -> 0.5 | BD65: 0.4 | BE65: 0.1 | BF65: 0.1 | BH65: 0.1 | BL65: 0.2 | BP65: 0.2 | BQ65: =SUM(AT65,AU65,AY65,BA65,BB65,BG65,BH65,BI65,BJ65,BK65,BL65) -> 1 | BR65: =SUM(BR67:BR80) -> 0 | BS65: =SUM(BS67:BS80) -> 0 | BT65: =SUM(BT67:BT80) -> 0 | BU65: =SUM(BU67:BU80) -> 0 | BV65: =SUM(BV67:BV80) -> 0 | BW65: =SUM(BW67:BW80) -> 0 | BX65: =SUM(BX67:BX80) -> 0 | BY65: =SUM(BY67:BY80) -> 0 | ... CL65: =SUM(CL67:CL80) -> 0 | CM65: 11 | CO65: 0.2 | CP65: =SUM(CM65,CK65,CO65) -> 11.2 | CQ65: 1.8 | DB65: =SUM(CP65,CQ65) -> 13 | DC65: =SUM(CO65,CN65) -> 0.2 | DG65: =SUM(DB65,DF65) -> 13 | DH65: =SUM(DC65) -> 0.2 | DM65: =SUM(DM67:DM80) -> 0 | DN65: =SUM(DN67:DN80) -> 0 | DO65: =SUM(DO67:DO80) -> 0 | DP65: =SUM(DP67:DP80) -> 0 | DQ65: =SUM(DQ67:DQ80) -> 0 | DR65: =SUM(DR67:DR80) -> 0 | DS65: =SUM(DS67:DS80) -> 0 | DT65: =SUM(DT67:DT80) -> 0 | ... EH65: =SUM(EH67:EH80) -> 0
Y66: =SUM(Y67:Y80) -> 70 | AF66: =SUM(AS66:AU66,AY66,BA66:BB66,BG66:BL66) -> 23466 | AG66: =SUM(AG67:AG80) -> 11427 | AH66: =SUM(AH67:AH80) -> 28 | AI66: =SUM(AI67:AI80) -> 0 | AJ66: =SUM(AJ67:AJ80) -> 0 | AK66: =SUM(AK67:AK80) -> 0 | AL66: =SUM(AL67:AL80) -> 0 | AM66: =SUM(AM67:AM80) -> 0 | AN66: =SUM(AN67:AN80) -> 0 | ... AR66: =SUM(AR67:AR80) -> 0 | AS66: =SUM(AG66,AH66,AK66,AL66,AO66) -> 22466 | AT66: =SUM(AT67:AT80) -> 0 | AU66: =SUM(AU67:AU80) -> 0 | AV66: =SUM(AV67:AV80) -> 0 | AW66: =SUM(AW67:AW80) -> 0 | AX66: =SUM(AX67:AX80) -> 0 | AY66: =SUM(AY67:AY80) -> 84 | AZ66: =SUM(AZ67:AZ80) -> 1 | BA66: =SUM(BA67:BA80) -> 64 | BB66: =SUM(BC66,BD66,BF66) -> 538 | BC66: =SUM(BC67:BC80) -> 7 | BD66: =SUM(BD67:BD80) -> 370 | BE66: =SUM(BE67:BE80) -> 31 | BF66: =SUM(BF67:BF80) -> 161 | BG66: =SUM(BG67:BG80) -> 0 | BH66: =SUM(BH67:BH80) -> 110 | BI66: =SUM(BI67:BI80) -> 0 | BJ66: =SUM(BJ67:BJ80) -> 0 | BK66: =SUM(BK67:BK80) -> 0 | BL66: =SUM(BM66:BP66) -> 204 | BM66: =SUM(BM67:BM80) -> 0 | BN66: =SUM(BN67:BN80) -> 0 | BO66: =SUM(BO67:BO80) -> 0 | BP66: =SUM(BP67:BP80) -> 204 | BQ66: =SUM(AT66,AU66,AY66,BA66,BB66,BG66,BH66,BI66,BJ66,BK66,BL66) -> 1000 | CM66: =SUM(CM67:CM80) -> 10949 | CO66: =SUM(CO67:CO80) -> 238 | CP66: =SUM(CM66,CK66,CO66) -> 11187 | CQ66: =SUM(CQ67:CQ80) -> 1808 | CR66: =SUM(CR67:CR80) -> 0 | CS66: =SUM(CS67:CS80) -> 0 | CT66: =SUM(CT67:CT80) -> 0 | CU66: =SUM(CU67:CU80) -> 0 | CV66: =SUM(CV67:CV80) -> 0 | CW66: =SUM(CW67:CW80) -> 0 | CX66: =SUM(CX67:CX80) -> 0 | ... DA66: =SUM(DA67:DA80) -> 0 | DB66: =SUM(CP66,CQ66) -> 12995 | DC66: =SUM(CO66,CN66) -> 238 | DG66: =SUM(DB66,DF66) -> 12995 | DH66: =SUM(DC66) -> 238
C67: Айыртауский | AF67: =SUM(AS67:AU67,AY67,BA67:BB67,BG67:BL67) -> 0 | AS67: =SUM(AG67,AH67,AK67,AL67,AO67) -> 0 | AU67: =SUM(AV67:AX67) -> 0 | BB67: =SUM(BC67,BD67,BF67) -> 0 | BL67: =SUM(BM67:BP67) -> 0 | BQ67: =SUM(AT67,AU67,AY67,BA67,BB67,BG67,BH67,BI67,BJ67,BK67,BL67) -> 0 | CP67: =SUM(CM67,CK67,CO67) -> 0 | DB67: =SUM(CP67,CQ67) -> 0 | DC67: =SUM(CO67,CN67) -> 0 | DG67: =SUM(DB67,DF67) -> 0 | DH67: =SUM(DC67) -> 0
C68: Акжарский | AF68: =SUM(AS68:AU68,AY68,BA68:BB68,BG68:BL68) -> 0 | AS68: =SUM(AG68,AH68,AK68,AL68,AO68) -> 0 | AU68: =SUM(AV68:AX68) -> 0 | BB68: =SUM(BC68,BD68,BF68) -> 0 | BL68: =SUM(BM68:BP68) -> 0 | BQ68: =SUM(AT68,AU68,AY68,BA68,BB68,BG68,BH68,BI68,BJ68,BK68,BL68) -> 0 | CP68: =SUM(CM68,CK68,CO68) -> 0 | DB68: =SUM(CP68,CQ68) -> 0 | DC68: =SUM(CO68,CN68) -> 0 | DG68: =SUM(DB68,DF68) -> 0 | DH68: =SUM(DC68) -> 0
C69: Аккайынский | AF69: =SUM(AS69:AU69,AY69,BA69:BB69,BG69:BL69) -> 0 | AS69: =SUM(AG69,AH69,AK69,AL69,AO69) -> 0 | AU69: =SUM(AV69:AX69) -> 0 | BB69: =SUM(BC69,BD69,BF69) -> 0 | BL69: =SUM(BM69:BP69) -> 0 | BQ69: =SUM(AT69,AU69,AY69,BA69,BB69,BG69,BH69,BI69,BJ69,BK69,BL69) -> 0 | CP69: =SUM(CM69,CK69,CO69) -> 0 | DB69: =SUM(CP69,CQ69) -> 0 | DC69: =SUM(CO69,CN69) -> 0 | DG69: =SUM(DB69,DF69) -> 0 | DH69: =SUM(DC69) -> 0
C70: Г.Мусрепова | AF70: =SUM(AS70:AU70,AY70,BA70:BB70,BG70:BL70) -> 0 | AS70: =SUM(AG70,AH70,AK70,AL70,AO70) -> 0 | AU70: =SUM(AV70:AX70) -> 0 | BB70: =SUM(BC70,BD70,BF70) -> 0 | BQ70: =SUM(AF70-AS70) -> 0 | CP70: =SUM(CM70,CK70,CO70) -> 0 | DB70: =SUM(CP70,CQ70) -> 0 | DC70: =SUM(CO70,CN70) -> 0 | DG70: =SUM(DB70,DF70) -> 0 | DH70: =SUM(DC70) -> 0
C71: Есильский | Y71: 3 | AF71: =SUM(AS71:AU71,AY71,BA71:BB71,BG71:BL71) -> 127 | AO71: 92 | AQ71: 92 | AS71: =SUM(AG71,AH71,AK71,AL71,AO71) -> 92 | AU71: =SUM(AV71:AX71) -> 0 | AY71: 4 | BB71: =SUM(BC71,BD71,BF71) -> 31 | BD71: 31 | BE71: 31 | BL71: =SUM(BM71:BP71) -> 0 | BQ71: =SUM(AT71,AU71,AY71,BA71,BB71,BG71,BH71,BI71,BJ71,BK71,BL71) -> 35 | CP71: =SUM(CM71,CK71,CO71) -> 0 | DB71: =SUM(CP71,CQ71) -> 0 | DC71: =SUM(CO71,CN71) -> 0 | DG71: =SUM(DB71,DF71) -> 0 | DH71: =SUM(DC71) -> 0
C72: Жамбылский | AF72: =SUM(AS72:AU72,AY72,BA72:BB72,BG72:BL72) -> 0 | AS72: =SUM(AG72,AH72,AK72,AL72,AO72) -> 0 | AU72: =SUM(AV72:AX72) -> 0 | BB72: =SUM(BC72,BD72,BF72) -> 0 | BL72: =SUM(BM72:BP72) -> 0 | CP72: =SUM(CM72,CK72,CO72) -> 0 | DB72: =SUM(CP72,CQ72) -> 0 | DC72: =SUM(CO72,CN72) -> 0 | DG72: =SUM(DB72,DF72) -> 0 | DH72: =SUM(DC72) -> 0
C73: Кызылжарский | Y73: 5 | AF73: =SUM(AS73:AU73,AY73,BA73:BB73,BG73:BL73) -> 69 | AG73: 47 | AO73: 16 | AQ73: 16 | AS73: =SUM(AG73,AH73,AK73,AL73,AO73) -> 63 | AU73: =SUM(AV73:AX73) -> 0 | BA73: 6 | BB73: =SUM(BC73,BD73,BF73) -> 0 | BL73: =SUM(BM73:BP73) -> 0 | BQ73: =SUM(AT73,AU73,AY73,BA73,BB73,BG73,BH73,BI73,BJ73,BK73,BL73) -> 6 | CM73: 42 | CP73: =SUM(CM73,CK73,CO73) -> 42 | CQ73: 5 | DB73: =SUM(CP73,CQ73) -> 47 | DC73: =SUM(CO73,CN73) -> 0 | DG73: =SUM(DB73,DF73) -> 47 | DH73: =SUM(DC73) -> 0
C74: М.Жумабаева | AF74: =SUM(AS74:AU74,AY74,BA74:BB74,BG74:BL74) -> 0 | AS74: =SUM(AG74,AH74,AK74,AL74,AO74) -> 0 | AU74: =SUM(AV74:AX74) -> 0 | BB74: =SUM(BC74,BD74,BF74) -> 0 | BL74: =SUM(BM74:BP74) -> 0 | BQ74: =SUM(AT74,AU74,AY74,BA74,BB74,BG74,BH74,BI74,BJ74,BK74,BL74) -> 0 | CP74: =SUM(CM74,CK74,CO74) -> 0 | DB74: =SUM(CP74,CQ74) -> 0 | DC74: =SUM(CO74,CN74) -> 0 | DG74: =SUM(DB74,DF74) -> 0 | DH74: =SUM(DC74) -> 0
C75: Мамлютский | AF75: =SUM(AS75:AU75,AY75,BA75:BB75,BG75:BL75) -> 0 | AS75: =SUM(AG75,AH75,AK75,AL75,AO75) -> 0 | AU75: =SUM(AV75:AX75) -> 0 | BB75: =SUM(BC75,BD75,BF75) -> 0 | BL75: =SUM(BM75:BP75) -> 0 | BQ75: =SUM(AT75,AU75,AY75,BA75,BB75,BG75,BH75,BI75,BJ75,BK75,BL75) -> 0 | CP75: =SUM(CM75,CK75,CO75) -> 0 | DB75: =SUM(CP75,CQ75) -> 0 | DC75: =SUM(CO75,CN75) -> 0 | DG75: =SUM(DB75,DF75) -> 0 | DH75: =SUM(DC75) -> 0
C76: Тайыншинский | Y76: 35 | AF76: =SUM(AS76:AU76,AY76,BA76:BB76,BG76:BL76) -> 16659 | AG76: 7332 | AO76: 8467 | AP76: 420 | AQ76: 35 | AS76: =SUM(AG76,AH76,AK76,AL76,AO76) -> 15799 | AU76: =SUM(AV76:AX76) -> 0 | AY76: 51 | AZ76: 1 | BA76: 28 | BB76: =SUM(BC76,BD76,BF76) -> 502 | BC76: 2 | BD76: 339 | BF76: 161 | BH76: 85 | BL76: =SUM(BM76:BP76) -> 194 | BP76: 194 | BQ76: =SUM(AT76,AU76,AY76,BA76,BB76,BG76,BH76,BI76,BJ76,BK76,BL76) -> 860 | CM76: 8585 | CO76: 238 | CP76: =SUM(CM76,CK76,CO76) -> 8823 | DB76: =SUM(CP76,CQ76) -> 8823 | DC76: =SUM(CO76,CN76) -> 238 | DG76: =SUM(DB76,DF76) -> 8823 | DH76: =SUM(DC76) -> 238
C77: Тимирязевский | Y77: 3 | AF77: =SUM(AS77:AU77,AY77,BA77:BB77,BG77:BL77) -> 166 | AG77: 108 | AH77: 2 | AO77: 50 | AQ77: 50 | AS77: =SUM(AG77,AH77,AK77,AL77,AO77) -> 160 | AU77: =SUM(AV77:AX77) -> 0 | BA77: 2 | BB77: =SUM(BC77,BD77,BF77) -> 0 | BH77: 3 | BL77: =SUM(BM77:BP77) -> 1 | BP77: 1 | BQ77: =SUM(AT77,AU77,AY77,BA77,BB77,BG77,BH77,BI77,BJ77,BK77,BL77) -> 6 | CM77: 108 | CP77: =SUM(CM77,CK77,CO77) -> 108 | DB77: =SUM(CP77,CQ77) -> 108 | DC77: =SUM(CO77,CN77) -> 0 | DG77: =SUM(DB77,DF77) -> 108 | DH77: =SUM(DC77) -> 0
C78: Уалихановский | AF78: =SUM(AS78:AU78,AY78,BA78:BB78,BG78:BL78) -> 0 | AS78: =SUM(AG78,AH78,AK78,AL78,AO78) -> 0 | AU78: =SUM(AV78:AX78) -> 0 | BB78: =SUM(BC78,BD78,BF78) -> 0 | BL78: =SUM(BM78:BP78) -> 0 | BQ78: =SUM(AT78,AU78,AY78,BA78,BB78,BG78,BH78,BI78,BJ78,BK78,BL78) -> 0 | CP78: =SUM(CM78,CK78,CO78) -> 0 | DB78: =SUM(CP78,CQ78) -> 0 | DC78: =SUM(CO78,CN78) -> 0 | DG78: =SUM(DB78,DF78) -> 0 | DH78: =SUM(DC78) -> 0
C79: Шал акына | Y79: 24 | AF79: =SUM(AS79:AU79,AY79,BA79:BB79,BG79:BL79) -> 6445 | AG79: 3940 | AH79: 26 | AO79: 2386 | AP79: 91 | AQ79: 154 | AS79: =SUM(AG79,AH79,AK79,AL79,AO79) -> 6352 | AU79: =SUM(AV79:AX79) -> 0 | AY79: 29 | BA79: 28 | BB79: =SUM(BC79,BD79,BF79) -> 5 | BC79: 5 | BH79: 22 | BL79: =SUM(BM79:BP79) -> 9 | BP79: 9 | BQ79: =SUM(AT79,AU79,AY79,BA79,BB79,BG79,BH79,BI79,BJ79,BK79,BL79) -> 93 | CM79: 2214 | CP79: =SUM(CM79,CK79,CO79) -> 2214 | CQ79: 1803 | DB79: =SUM(CP79,CQ79) -> 4017 | DC79: =SUM(CO79,CN79) -> 0 | DG79: =SUM(DB79,DF79) -> 4017 | DH79: =SUM(DC79) -> 0
C80: г.Петропавловск | AF80: =SUM(AS80:AU80,AY80,BA80:BB80,BG80:BL80) -> 0 | AS80: =SUM(AG80,AH80,AK80,AL80,AO80) -> 0 | AU80: =SUM(AV80:AX80) -> 0 | BB80: =SUM(BC80,BD80,BF80) -> 0 | BL80: =SUM(BM80:BP80) -> 0 | BQ80: =SUM(AT80,AU80,AY80,BA80,BB80,BG80,BH80,BI80,BJ80,BK80,BL80) -> 0 | CP80: =SUM(CM80,CK80,CO80) -> 0 | DB80: =SUM(CP80,CQ80) -> 0 | DC80: =SUM(CO80,CN80) -> 0 | DG80: =SUM(DB80,DF80) -> 0 | DH80: =SUM(DC80) -> 0
B81: 1.1.3 | C81: қызметтік үлесі бар азаматтар граждане, имеющие служебные наделы | Y81: =SUM(Y82:Y95) -> 0 | Z81: =SUM(Z82:Z95) -> 0 | AA81: =SUM(AA82:AA95) -> 0 | AB81: =SUM(AB82:AB95) -> 0 | AC81: =SUM(AC82:AC95) -> 0 | AD81: =SUM(AD82:AD95) -> 0 | AE81: =SUM(AE82:AE95) -> 0 | AF81: =SUM(AS81:AU81,AY81,BA81:BB81,BG81:BL81) -> 0 | AG81: =SUM(AG82:AG95) -> 0 | AH81: =SUM(AH82:AH95) -> 0 | AI81: =SUM(AI82:AI95) -> 0 | AJ81: =SUM(AJ82:AJ95) -> 0 | AK81: =SUM(AK82:AK95) -> 0 | AL81: =SUM(AL82:AL95) -> 0 | AM81: =SUM(AM82:AM95) -> 0 | AN81: =SUM(AN82:AN95) -> 0 | ... AR81: =SUM(AR82:AR95) -> 0 | AS81: =SUM(AG81,AH81,AK81,AL81,AO81) -> 0 | AT81: =SUM(AT82:AT95) -> 0 | AU81: =SUM(AV81:AX81) -> 0 | AV81: =SUM(AV82:AV95) -> 0 | AW81: =SUM(AW82:AW95) -> 0 | AX81: =SUM(AX82:AX95) -> 0 | AY81: =SUM(AY82:AY95) -> 0 | AZ81: =SUM(AZ82:AZ95) -> 0 | BA81: =SUM(BA82:BA95) -> 0 | BB81: =SUM(BC81,BD81,BF81) -> 0 | BC81: =SUM(BC82:BC95) -> 0 | BD81: =SUM(BD82:BD95) -> 0 | BE81: =SUM(BE82:BE95) -> 0 | BF81: =SUM(BF82:BF95) -> 0 | BG81: =SUM(BG82:BG95) -> 0 | BH81: =SUM(BH82:BH95) -> 0 | BI81: =SUM(BI82:BI95) -> 0 | BJ81: =SUM(BJ82:BJ95) -> 0 | BK81: =SUM(BK82:BK95) -> 0 | BL81: =SUM(BM81:BP81) -> 0 | BM81: =SUM(BM82:BM95) -> 0 | BN81: =SUM(BN82:BN95) -> 0 | BO81: =SUM(BO82:BO95) -> 0 | BP81: =SUM(BP82:BP95) -> 0 | BQ81: =SUM(BQ82:BQ95) -> 0 | BR81: =SUM(BR82:BR95) -> 0 | BS81: =SUM(BS82:BS95) -> 0 | BT81: =SUM(BT82:BT95) -> 0 | ... CO81: =SUM(CO82:CO95) -> 0 | CP81: =SUM(CM81,CK81,CO81) -> 0 | CQ81: =SUM(CQ82:CQ95) -> 0 | CR81: =SUM(CR82:CR95) -> 0 | CS81: =SUM(CS82:CS95) -> 0 | CT81: =SUM(CT82:CT95) -> 0 | CU81: =SUM(CU82:CU95) -> 0 | CV81: =SUM(CV82:CV95) -> 0 | CW81: =SUM(CW82:CW95) -> 0 | CX81: =SUM(CX82:CX95) -> 0 | ... DA81: =SUM(DA82:DA95) -> 0 | DB81: =SUM(CP81,CQ81) -> 0 | DC81: =SUM(CO81,CN81) -> 0 | DD81: =SUM(DD82:DD95) -> 0 | DE81: =SUM(DE82:DE95) -> 0 | DF81: =SUM(DF82:DF95) -> 0 | DG81: =SUM(DB81,DF81) -> 0 | DH81: =SUM(DC81) -> 0 | DI81: =SUM(DI82:DI95) -> 0 | DJ81: =SUM(DJ82:DJ95) -> 0 | DK81: =SUM(DK82:DK95) -> 0 | DL81: =SUM(DL82:DL95) -> 0 | DM81: =SUM(DM82:DM95) -> 0 | DN81: =SUM(DN82:DN95) -> 0 | DO81: =SUM(DO82:DO95) -> 0 | DP81: =SUM(DP82:DP95) -> 0 | ... EH81: =SUM(EH82:EH95) -> 0
C82: Айыртауский | AF82: =SUM(AS82:AU82,AY82,BA82:BB82,BG82:BL82) -> 0 | AS82: =SUM(AG82,AH82,AK82,AL82,AO82) -> 0 | AU82: =SUM(AV82:AX82) -> 0 | BB82: =SUM(BC82,BD82,BF82) -> 0 | BL82: =SUM(BM82:BP82) -> 0 | CP82: =SUM(CM82,CK82,CO82) -> 0 | DB82: =SUM(CP82,CQ82) -> 0 | DC82: =SUM(CO82,CN82) -> 0 | DG82: =SUM(DB82,DF82) -> 0 | DH82: =SUM(DC82) -> 0
C83: Акжарский | AF83: =SUM(AS83:AU83,AY83,BA83:BB83,BG83:BL83) -> 0 | AS83: =SUM(AG83,AH83,AK83,AL83,AO83) -> 0 | AU83: =SUM(AV83:AX83) -> 0 | BB83: =SUM(BC83,BD83,BF83) -> 0 | BL83: =SUM(BM83:BP83) -> 0 | CP83: =SUM(CM83,CK83,CO83) -> 0 | DB83: =SUM(CP83,CQ83) -> 0 | DC83: =SUM(CO83,CN83) -> 0 | DG83: =SUM(DB83,DF83) -> 0 | DH83: =SUM(DC83) -> 0
C84: Аккайынский | AF84: =SUM(AS84:AU84,AY84,BA84:BB84,BG84:BL84) -> 0 | AS84: =SUM(AG84,AH84,AK84,AL84,AO84) -> 0 | AU84: =SUM(AV84:AX84) -> 0 | BB84: =SUM(BC84,BD84,BF84) -> 0 | BL84: =SUM(BM84:BP84) -> 0 | CP84: =SUM(CM84,CK84,CO84) -> 0 | DB84: =SUM(CP84,CQ84) -> 0 | DC84: =SUM(CO84,CN84) -> 0 | DG84: =SUM(DB84,DF84) -> 0 | DH84: =SUM(DC84) -> 0
C85: Г.Мусрепова | AF85: =SUM(AS85:AU85,AY85,BA85:BB85,BG85:BL85) -> 0 | AS85: =SUM(AG85,AH85,AK85,AL85,AO85) -> 0 | AU85: =SUM(AV85:AX85) -> 0 | BB85: =SUM(BC85,BD85,BF85) -> 0 | BL85: =SUM(BM85:BP85) -> 0 | CP85: =SUM(CM85,CK85,CO85) -> 0 | DB85: =SUM(CP85,CQ85) -> 0 | DC85: =SUM(CO85,CN85) -> 0 | DG85: =SUM(DB85,DF85) -> 0 | DH85: =SUM(DC85) -> 0
C86: Есильский | AF86: =SUM(AS86:AU86,AY86,BA86:BB86,BG86:BL86) -> 0 | AS86: =SUM(AG86,AH86,AK86,AL86,AO86) -> 0 | AU86: =SUM(AV86:AX86) -> 0 | BB86: =SUM(BC86,BD86,BF86) -> 0 | BL86: =SUM(BM86:BP86) -> 0 | CP86: =SUM(CM86,CK86,CO86) -> 0 | DB86: =SUM(CP86,CQ86) -> 0 | DC86: =SUM(CO86,CN86) -> 0 | DG86: =SUM(DB86,DF86) -> 0 | DH86: =SUM(DC86) -> 0
C87: Жамбылский | AF87: =SUM(AS87:AU87,AY87,BA87:BB87,BG87:BL87) -> 0 | AS87: =SUM(AG87,AH87,AK87,AL87,AO87) -> 0 | AU87: =SUM(AV87:AX87) -> 0 | BB87: =SUM(BC87,BD87,BF87) -> 0 | BL87: =SUM(BM87:BP87) -> 0 | CP87: =SUM(CM87,CK87,CO87) -> 0 | DB87: =SUM(CP87,CQ87) -> 0 | DC87: =SUM(CO87,CN87) -> 0 | DG87: =SUM(DB87,DF87) -> 0 | DH87: =SUM(DC87) -> 0
C88: Кызылжарский | AF88: =SUM(AS88:AU88,AY88,BA88:BB88,BG88:BL88) -> 0 | AS88: =SUM(AG88,AH88,AK88,AL88,AO88) -> 0 | AU88: =SUM(AV88:AX88) -> 0 | BB88: =SUM(BC88,BD88,BF88) -> 0 | BL88: =SUM(BM88:BP88) -> 0 | CP88: =SUM(CM88,CK88,CO88) -> 0 | DB88: =SUM(CP88,CQ88) -> 0 | DC88: =SUM(CO88,CN88) -> 0 | DG88: =SUM(DB88,DF88) -> 0 | DH88: =SUM(DC88) -> 0
C89: М.Жумабаева | AF89: =SUM(AS89:AU89,AY89,BA89:BB89,BG89:BL89) -> 0 | AS89: =SUM(AG89,AH89,AK89,AL89,AO89) -> 0 | AU89: =SUM(AV89:AX89) -> 0 | BB89: =SUM(BC89,BD89,BF89) -> 0 | BL89: =SUM(BM89:BP89) -> 0 | CP89: =SUM(CM89,CK89,CO89) -> 0 | DB89: =SUM(CP89,CQ89) -> 0 | DC89: =SUM(CO89,CN89) -> 0 | DG89: =SUM(DB89,DF89) -> 0 | DH89: =SUM(DC89) -> 0
C90: Мамлютский | AF90: =SUM(AS90:AU90,AY90,BA90:BB90,BG90:BL90) -> 0 | AS90: =SUM(AG90,AH90,AK90,AL90,AO90) -> 0 | AU90: =SUM(AV90:AX90) -> 0 | BB90: =SUM(BC90,BD90,BF90) -> 0 | BL90: =SUM(BM90:BP90) -> 0 | CP90: =SUM(CM90,CK90,CO90) -> 0 | DB90: =SUM(CP90,CQ90) -> 0 | DC90: =SUM(CO90,CN90) -> 0 | DG90: =SUM(DB90,DF90) -> 0 | DH90: =SUM(DC90) -> 0
C91: Тайыншинский | AF91: =SUM(AS91:AU91,AY91,BA91:BB91,BG91:BL91) -> 0 | AS91: =SUM(AG91,AH91,AK91,AL91,AO91) -> 0 | AU91: =SUM(AV91:AX91) -> 0 | BB91: =SUM(BC91,BD91,BF91) -> 0 | BL91: =SUM(BM91:BP91) -> 0 | CP91: =SUM(CM91,CK91,CO91) -> 0 | DB91: =SUM(CP91,CQ91) -> 0 | DC91: =SUM(CO91,CN91) -> 0 | DG91: =SUM(DB91,DF91) -> 0 | DH91: =SUM(DC91) -> 0
C92: Тимирязевский | AF92: =SUM(AS92:AU92,AY92,BA92:BB92,BG92:BL92) -> 0 | AS92: =SUM(AG92,AH92,AK92,AL92,AO92) -> 0 | AU92: =SUM(AV92:AX92) -> 0 | BB92: =SUM(BC92,BD92,BF92) -> 0 | BL92: =SUM(BM92:BP92) -> 0 | CP92: =SUM(CM92,CK92,CO92) -> 0 | DB92: =SUM(CP92,CQ92) -> 0 | DC92: =SUM(CO92,CN92) -> 0 | DG92: =SUM(DB92,DF92) -> 0 | DH92: =SUM(DC92) -> 0
C93: Уалихановский | AF93: =SUM(AS93:AU93,AY93,BA93:BB93,BG93:BL93) -> 0 | AS93: =SUM(AG93,AH93,AK93,AL93,AO93) -> 0 | AU93: =SUM(AV93:AX93) -> 0 | BB93: =SUM(BC93,BD93,BF93) -> 0 | BL93: =SUM(BM93:BP93) -> 0 | CP93: =SUM(CM93,CK93,CO93) -> 0 | DB93: =SUM(CP93,CQ93) -> 0 | DC93: =SUM(CO93,CN93) -> 0 | DG93: =SUM(DB93,DF93) -> 0 | DH93: =SUM(DC93) -> 0
... C95: г.Петропавловск | AF95: =SUM(AS95:AU95,AY95,BA95:BB95,BG95:BL95) -> 0 | AS95: =SUM(AG95,AH95,AK95,AL95,AO95) -> 0 | AU95: =SUM(AV95:AX95) -> 0 | BB95: =SUM(BC95,BD95,BF95) -> 0 | BL95: =SUM(BM95:BP95) -> 0 | CP95: =SUM(CM95,CK95,CO95) -> 0 | DB95: =SUM(CP95,CQ95) -> 0 | DC95: =SUM(CO95,CN95) -> 0 | DG95: =SUM(DB95,DF95) -> 0 | DH95: =SUM(DC95) -> 0
B96: 1.1.4 | C96: бағбандар және бағбандық бірлестіктер садоводы и садоводческие объединения | Y96: =SUM(Y98:Y111) -> 0 | Z96: =SUM(Z98:Z111) -> 0 | AA96: =SUM(AA98:AA111) -> 0 | AB96: =SUM(AB98:AB111) -> 0 | AC96: =SUM(AC98:AC111) -> 0 | AD96: =SUM(AD98:AD111) -> 0 | AE96: =SUM(AE98:AE111) -> 0 | AF96: =SUM(AS96:AU96,AY96,BA96:BB96,BG96:BL96) -> 0 | AS96: =SUM(AG96,AH96,AK96,AL96,AO96) -> 0 | AT96: =SUM(AT98:AT111) -> 0 | AU96: =SUM(AV96:AX96) -> 0 | AV96: =SUM(AV98:AV111) -> 0 | AW96: =SUM(AW98:AW111) -> 0 | AX96: =SUM(AX98:AX111) -> 0 | AY96: =SUM(AY98:AY111) -> 0 | AZ96: =SUM(AZ98:AZ111) -> 0 | BA96: =SUM(BA98:BA111) -> 0 | BB96: =SUM(BC96,BD96,BF96) -> 0 | BC96: =SUM(BC98:BC111) -> 0 | BD96: =SUM(BD98:BD111) -> 0 | BE96: =SUM(BE98:BE111) -> 0 | BF96: =SUM(BF98:BF111) -> 0 | BG96: =SUM(BG98:BG111) -> 0 | BH96: =SUM(BH98:BH111) -> 0 | BI96: =SUM(BI98:BI111) -> 0 | BJ96: =SUM(BJ98:BJ111) -> 0 | BK96: =SUM(BK98:BK111) -> 0 | BL96: =SUM(BM96:BP96) -> 0 | BM96: =SUM(BM98:BM111) -> 0 | BN96: =SUM(BN98:BN111) -> 0 | BO96: =SUM(BO98:BO111) -> 0 | BP96: =SUM(BP98:BP111) -> 0 | BQ96: =SUM(BQ98:BQ111) -> 0 | BR96: =SUM(BR98:BR111) -> 0 | BS96: =SUM(BS98:BS111) -> 0 | BT96: =SUM(BT98:BT111) -> 0 | ... CO96: =SUM(CO98:CO111) -> 0 | CP96: =SUM(CM96,CK96,CO96) -> 0 | CQ96: =SUM(CQ98:CQ111) -> 0 | CR96: =SUM(CR98:CR111) -> 0 | CS96: =SUM(CS98:CS111) -> 0 | CT96: =SUM(CT98:CT111) -> 0 | CU96: =SUM(CU98:CU111) -> 0 | CV96: =SUM(CV98:CV111) -> 0 | CW96: =SUM(CW98:CW111) -> 0 | CX96: =SUM(CX98:CX111) -> 0 | ... DA96: =SUM(DA98:DA111) -> 0 | DB96: =SUM(CP96,CQ96) -> 0 | DC96: =SUM(CO96,CN96) -> 0 | DD96: =SUM(DD98:DD111) -> 0 | DE96: =SUM(DE98:DE111) -> 0 | DF96: =SUM(DF98:DF111) -> 0 | DG96: =SUM(DB96,DF96) -> 0 | DH96: =SUM(DC96) -> 0 | DI96: =SUM(DI98:DI111) -> 0 | DJ96: =SUM(DJ98:DJ111) -> 0 | DK96: =SUM(DK98:DK111) -> 0 | DL96: =SUM(DL98:DL111) -> 0 | DM96: =SUM(DM98:DM111) -> 0 | DN96: =SUM(DN98:DN111) -> 0 | DO96: =SUM(DO98:DO111) -> 0 | DP96: =SUM(DP98:DP111) -> 0 | ... EH96: =SUM(EH98:EH111) -> 0
Y97: =SUM(Y98:Y111) -> 0 | AF97: =SUM(AS97:AU97,AY97,BA97:BB97,BG97:BL97) -> 0 | AG97: =SUM(AG98:AG111) -> 0 | AH97: =SUM(AH98:AH111) -> 0 | AI97: =SUM(AI98:AI111) -> 0 | AJ97: =SUM(AJ98:AJ111) -> 0 | AK97: =SUM(AK98:AK111) -> 0 | AL97: =SUM(AL98:AL111) -> 0 | AM97: =SUM(AM98:AM111) -> 0 | AN97: =SUM(AN98:AN111) -> 0 | ... AR97: =SUM(AR98:AR111) -> 0 | AS97: =SUM(AG97,AH97,AK97,AL97,AO97) -> 0 | AT97: =SUM(AT98:AT111) -> 0 | AU97: =SUM(AU98:AU111) -> 0 | AV97: =SUM(AV98:AV111) -> 0 | AW97: =SUM(AW98:AW111) -> 0 | AX97: =SUM(AX98:AX111) -> 0 | AY97: =SUM(AY98:AY111) -> 0 | AZ97: =SUM(AZ98:AZ111) -> 0 | BA97: =SUM(BA98:BA111) -> 0 | ... BR97: =SUM(BR98:BR111) -> 0 | CP97: =SUM(CM97,CK97,CO97) -> 0 | DB97: =SUM(CP97,CQ97) -> 0 | DC97: =SUM(CO97,CN97) -> 0 | DG97: =SUM(DB97,DF97) -> 0 | DH97: =SUM(DC97) -> 0
C98: Айыртауский | AF98: =SUM(AS98:AU98,AY98,BA98:BB98,BG98:BL98) -> 0 | AS98: =SUM(AG98,AH98,AK98,AL98,AO98) -> 0 | AU98: =SUM(AV98:AX98) -> 0 | BB98: =SUM(BC98,BD98,BF98) -> 0 | BL98: =SUM(BM98:BP98) -> 0 | CP98: =SUM(CM98,CK98,CO98) -> 0 | DB98: =SUM(CP98,CQ98) -> 0 | DC98: =SUM(CO98,CN98) -> 0 | DG98: =SUM(DB98,DF98) -> 0 | DH98: =SUM(DC98) -> 0
C99: Акжарский | AF99: =SUM(AS99:AU99,AY99,BA99:BB99,BG99:BL99) -> 0 | AS99: =SUM(AG99,AH99,AK99,AL99,AO99) -> 0 | AU99: =SUM(AV99:AX99) -> 0 | BB99: =SUM(BC99,BD99,BF99) -> 0 | BL99: =SUM(BM99:BP99) -> 0 | CP99: =SUM(CM99,CK99,CO99) -> 0 | DB99: =SUM(CP99,CQ99) -> 0 | DC99: =SUM(CO99,CN99) -> 0 | DG99: =SUM(DB99,DF99) -> 0 | DH99: =SUM(DC99) -> 0
C100: Аккайынский | AF100: =SUM(AS100:AU100,AY100,BA100:BB100,BG100:BL100) -> 0 | AS100: =SUM(AG100,AH100,AK100,AL100,AO100) -> 0 | AU100: =SUM(AV100:AX100) -> 0 | BB100: =SUM(BC100,BD100,BF100) -> 0 | BL100: =SUM(BM100:BP100) -> 0 | CP100: =SUM(CM100,CK100,CO100) -> 0 | DB100: =SUM(CP100,CQ100) -> 0 | DC100: =SUM(CO100,CN100) -> 0 | DG100: =SUM(DB100,DF100) -> 0 | DH100: =SUM(DC100) -> 0
C101: Г.Мусрепова | AF101: =SUM(AS101:AU101,AY101,BA101:BB101,BG101:BL101) -> 0 | AS101: =SUM(AG101,AH101,AK101,AL101,AO101) -> 0 | AU101: =SUM(AV101:AX101) -> 0 | BB101: =SUM(BC101,BD101,BF101) -> 0 | BL101: =SUM(BM101:BP101) -> 0 | CP101: =SUM(CM101,CK101,CO101) -> 0 | DB101: =SUM(CP101,CQ101) -> 0 | DC101: =SUM(CO101,CN101) -> 0 | DG101: =SUM(DB101,DF101) -> 0 | DH101: =SUM(DC101) -> 0
...

Sheet Лист3

Sheet КатегорииЗемель
D1: http://normativ.kz/view/26098/
D2: Пашни посеяны/не посеяны
A3: Справочник Категории земель
A4: 1 | B4: Земли сельскохозяйственного назначения
A5: 1.1. | C5: Земли граждан для ведения садоводства и дачного строительства
A6: 1.2. | C6: Земли граждан для ведения крестьянского хозяйства
A7: 1.3. | C7: Земли негосударственных сельскохозяйственных юридических лиц
A8: 1.3.1. | D8: в т.ч. хозяйственных товариществ и акционерных обществ
A9: 1.3.2. | D9: сельскохозяйственных кооперативов
A10: 1.3.3. | D10: других предприятий
A11: 1.4. | C11: Земли государственных сельскохозяйственных юридических лиц
A12: 1.4.1. | D12: в т.ч. с/х НИИ, учреждений и учебных заведений
A13: 1.4.2. | D13: подсобных с/х предприятий
A14: 1.4.3. | D14: других предприятий
A15: 2. | B15: Земли населенных пунктов (городов, поселков и сельских нас.пунктов
A16: 2.1. | C16: Городов и поселков
A17: 2.1.1. | D17: в т.ч. земли, находящиеся в собственности граждан для: ведения личного подсобного хозяйства
A18: 2.1.2. | D18: индивидуального жилищного строительства
A19: 2.1.3. | D19: других целей | E19: гаражи не учитываются детально, магазины, аптеки - детально. Добавить виртуального землепользователя "Гаражи"
A20: 2.2. | C20: Сельских населенных пунктов
A21: 2.2.1. | D21: в т.ч. земли, находящиеся в собственности граждан для: ведения личного подсобного хозяйства
A22: 2.2.2. | D22: индивидуального жилищного строительства
A23: 2.2.3. | D23: других целей
A24: 2.3. | C24: Земли, расположенные в черте населенных пунктов, находяиеся в пользовании
A25: 2.3.1. | D25: с/х предприятий и крестьянских хозяйств, учтенных в стр. 01
A26: 2.3.2. | D26: для садоводства и дачного строительства, учтенных в стр. 02
A27: 2.3.3. | D27: лесохозяйственных предприятий, учтенных в стр. 37
A28: 3. | B28: Земли промышленности, транспорта, связи, обороны и иного не с/х назначения (стр. 25+26+27+28+29)
A29: 3.1. | C29: Промышленности
A30: 3.2. | C30: Автомобильного транспорта
A31: 3.3. | C31: Железнодорожного транспорта
A32: 3.4. | C32: Связи
A33: 3.5. | C33: Других несельскохозяйственных предприятий
A34: 3.6.? | D34: Из земель этой категории находятся
A35: 3.6.1. | D35: в собственности
A36: 3.6.2. | D36: в землепользовании негосударственных юридических лиц
A37: 3.6.3. | D37: в землепользовании государственных юридических лиц
A38: 4. | B38: Земли особо охраняемых природных территорий
A39: 4.1. | C39: в т.ч. лечебно-оздоровительного назначения
A40: 4.2. | C40: заповедников, национальных природных парков, дендрологических и зоологических парков, ботанических садов
A41: 4.3. | C41: Кроме того земли, заказников, памятников природы, лесных резерватов и земли с природными комплексами и объектами, учтенные в других категориях
A42: 5. | B42: Земли лесного фонда
A43: 5.1. | C43: в т.ч. заповедников, национальных природных парков, дендрологических и зоологических парков, ботанических садов
A44: 5.2. | C44: Кроме того, земли лесхозпредприятий, находящиеся во временном пользовании, учтенные в стр. 01
A45: 6. | B45: Земли водного фонда
A46: 7. | B46: Земли запаса
A47: 7.1. | C47: Кроме того, земли запаса, находящиеся во временном пользовании, учтенные в стр. 01
A48: 8. | D48: Итого земель (стр. 01+12+24+33+37+40+41)
A49: 8.1. | D49: в т.ч. земли, используемые за пределами территории района, области, республики
A50: 9. | D50: Земли используемые землепользователями других районов, областей, государств
A51: 10. | D51: Территория района, области, республики (стр. 43-44+45)
B60: Категория не установлена
B61: Земли сельскохозяйственного назначения
B62: Земли населенных пунктов (городов, поселков и сельских населенных пунктов)
B63: Земли промышленности, транспорта, связи, для нужд космической деятельности, обороны, национальной безопасности и иного несельскохозяйственного назначения
B64: Земли особо охраняемых природных территорий, оздоровительного, рекреационного и историко-культурного назначения
B65: Земли лесного фонда
B66: Земли водного фонда
B67: Земли запаса

Sheet ВидПользования
B1: Справочник Виды пользования
A3: 1 | B3: Частная собственность
A4: 2 | B4: Временное землепользование
A5: 2.1 | C5: Временное долгосрочное пользование
A6: 2.2 | C6: Временное краткосрочное пользование
A7: 2.3 | C7: Временное безвозмездное пользование
A8: 3 | B8: Постоянное землепользование
A9: ИСПОЛЬЗОВАТЬ:
A10: Из АИС ГЗК
A11: 1 | B11: Не определено
A12: 2 | B12: государственная собственность
A13: 2 | B13: частная собственность
A14: 4 | B14: частная общая долевая собственность
A15: 5 | B15: частная общая совместная собственность
A16: 6 | B16: постоянное землепользование
A17: 7 | B17: постоянное общее долевое землепользование
A18: 8 | B18: постоянное общее совместное землепользование
A19: 9 | B19: временное возмездное краткосрочное землепользование
A20: 10 | B20: временное возмездное долгосрочное землепользование
A21: 11 | B21: временное возмездное краткосрочное общее долевое землепользование
A22: 12 | B22: временное возмездное долгосрочное общее долевое землепользование
... A27: 17 | B27: временное безвозмездное общее совместное землепользование

Sheet ТипЗемли АИС ГЗК
A1: Справочник из АИС ГЗК
A2: Тип земли
A3: 1 | B3: пашнянеорошаемая
A4: 2 | B4: пашня орошаемая
A5: 3 | B5: залежь неорошаемая
A6: 4 | B6: залежь орошаемая
A7: 5 | B7: огороды неорошаемые
A8: 6 | B8: огороды орошаемые
A9: 7 | B9: сады неорошаемые
A10: 8 | B10: сады орошаемые
A11: 9 | B11: виноградники неорошаемые
A12: 10 | B12: виноградники орошаемые
A13: 11 | B13: многолетние насажденияпрочие неорошаемые
A14: 12 | B14: многолетние насажденияпрочие орошаемые
... A81: 79 | B81: прочие нарушенные земли

Sheet ПолПризнак
A1: Справочник Пол собственника
A2: 1 | B2: Не указан | D2: Сельский
A3: 2 | B3: Мужской | D3: Городской
A4: 3 | B4: Женский

Sheet СравнениеУгодий
C3: Общая площадь | G3: пашнянеорошаемая
C4: пашни | G4: пашня орошаемая
C5: многолетних насаждений | D5: всего | G5: залежь неорошаемая
D6: из них | E6: садов | G6: залежь орошаемая
E7: виноградников | G7: огороды неорошаемые
C8: залежи | G8: огороды орошаемые
C9: сенокосов | D9: всего | G9: сады неорошаемые
D10: из них | E10: улучшенных | G10: сады орошаемые
E11: пойменные | G11: виноградники неорошаемые
E12: лиманные | G12: виноградники орошаемые
C13: пастбищ | D13: всего | G13: многолетние насажденияпрочие неорошаемые
D14: из них | E14: улучш. включ КУ | G14: многолетние насажденияпрочие орошаемые
E15: обводненных | G15: сенокосы естественные неорошаемые
E16: отгонное животноводство | G16: сенокосы естественные орошаемые
C17: огородов | D17: число семей | G17: сенокосы улучшенные неорошаемые
D18: площадь | G18: сенокосы улучшенные орошаемые
C19: служебных наделов | D19: всего | G19: пастбища естественные неорошаемые
D20: в т.ч. с/х угодий | G20: пастбищаестественные орошаемые
D21: из них | E21: пашни | G21: пастбища улучшенные неорошаемые
E22: многол. насаж-дений | G22: пастбища улучшенные орошаемые
E23: сенокосов | G23: пастбища для отгонного животноводства
E24: пастбищ | G24: пастбища обводнённые
C25: Всего с/х угодий | G25: пашня служебных наделов неорошаемая
C26: Земли, находящиеся в стадии мелиоративного строительства | G26: пашняслужебных наделов орошаемая
C27: Лесных площадей | D27: всего | G27: многолетние насаждения служебныхнаделовнеорошаемые
D28: в том числе | E28: покрытых лесом | G28: многолетние насаждения служебныхнаделоворошаемые
E29: не покрытых лесом | G29: сенокосы служебных наделов неорошаемые
E30: питом и несомкн культур | G30: сенокосы служебных наделов орошаемые
C31: древесно-кустарниковые насаждения, не входящие в лесной фонд | E31: всего | G31: пастбища служебных наделов неорошаемые
E32: защитных | G32: пастбища служебных наделов орошаемые
C33: болота | G33: покрытые лесом неорошаемые
C34: под водой | D34: всего | G34: покрытые лесом орошаемые
D35: из них | E35: под реками и ручьями | G35: непокрытые лесомнеорошаемые
E36: под озерами | G36: непокрытые лесом орошаемые
E37: озера: в т.ч. пресноводных | G37: лесные питомники и несомкнувшиеся культуры неорошаемые
E38: искуственныме водоемы | G38: лесные питомники и несомкнувшиесякультуры орошаемые
C39: под каналами, коллекторами | G39: древесно-кустарниковые насаждения неорошаемые
C40: под площадями, дорогами, улицами | G40: древесно-кустарниковые насаждения орошаемые
C41: под парками, скверами и бульварами | G41: защитные древесно-кустарниковые насаждения
C42: под постройками | G42: болота
C43: нарушенных земель | G43: под реками и ручьями
C44: прочих угодий | D44: всего | G44: под озерами
D45: из них | E45: песков | G45: под водохранилищами
E46: оврагов | G46: под прудами
E47: ледников | G47: под бассейнами
E48: других угодий | G48: под копанями, каками и прочими водоемами
C49: Прочие, всего | G49: под дорогами железными
G50: под автострадами
G51: под шоссейными дорогами
G52: под дорогамигрунтовыми улучшенными
G53: под дорогами грунтовыми проселочными
G54: под дорогамигрунтовыми полевыми
G55: под площадями
G56: под улицами, проездами
G57: под скотопрогонами
G58: под прочими дорогами
G59: под постройками
G60: места захоронений
G61: пески
... G66: прочие
G67: под каналами | I67: под каналами, коллекторами
G68: под коллекторами | I68: под каналами, коллекторами
G69: под канавами-арыками | I69: под каналами, коллекторами
G70: под парками, скверами | I70: под парками, скверами и бульварами
G71: под бульварами | I71: под парками, скверами и бульварами
G72: под ботаническими садами неорошаемыми
G73: под ботаническими садами орошаемыми
G74: под прочими озеленениями населенного пункта
G75: земли, находящиеся в стадии мелиоративного строительства | I75: Земли, находящиеся в стадии мелиоративного строительства
G76: карьеры, места добычи полезных ископаемых
G77: ямы, изрытые места
G78: развалины
G79: водоотстойники
G80: отвалы, терриконы
G81: прочие нарушенные земли

Sheet 22 га
A1: № | B1: Санаттардың атаулары Наименование категории | C1: Жер пайдаланушылардың саны Количество землепользователей | D1: Жалпы алаңы Общая площадь (га) (41+65) | E1: Егістік тер Пашни | F1: Көп жылдық екпелер Многолетних насаждений | I1: Тыңайған Залежи | J1: Шабындықтар Сенокосов | M1: Жайылымдар Пастбищ Барлығы Всего | N1: Жайылымдар Пастбищ | Q1: Барлық ауылшаруашылығы алқаптар Всего с/х угодий (29+30+33+34+37) | R1: Мелиоративтік құрылыс сатысындағы жерлер Земли, находящиеся в стадии мелиоративного строительства | S1: Орман алаңдары Лесных площадей | W1: Орман қорына кірмейтін ағаш-бұталы екпелер Древесно-кустарниковые насаждения, не входящие в лесной фонд | Y1: Батпақтар Болота | Z1: Су асты Под водой | AE1: Арналар және коллекторлардың асты ндағы Под каналами, коллекторами | AF1: Алаңдар, жолдар, көшелер астындағы жерлер Под площадями, дорогами, улицами | AG1: Парктер, скверлер және бульварлардың астындағы Под парками, скверами и бульварами | AH1: Құрылыстар астындағы Под постройками | AI1: Бұзылған жерлер Нарушенных земель | AJ1: Басқа жерле Прочих угодий | AP1: Бөгде жерлердің барлығы Прочие, всего (42+43+47+49+50+55+56+57+58+59+60)
F2: Барлығы Всего | G2: соның ішінде: из них: | J2: Барлығы Всего | K2: соның ішінде: из них: | N2: оның ішінде: из них | S2: Барлығы Всего (44+45+46) | T2: соның ішінде: в том числе | W2: Барлығы Всего | X2: қорғайтын защитных | Z2: Барлығы Всего (51+52+53+54) | AA2: соның ішінде: из них: | AJ2: Барлығы Всего (61+62+63+64) | AK2: соның ішінде: из них:
G3: бақтар садов | H3: жүзімдіктер виноградников | K3: жақсартылған улучшенных | L3: жайылма пойменные | N3: жақсартылған, түбегейлі жақсартылғанды қоса алғанда из них улучшенные, включая коренное улучшение | O3: суланды рылған обводненные | P3: шалғайдағы мал шаруашылығы үшін для отгонного животноводства | T3: орман көмкерген покрытых лесом | U3: орман көмкермеген не покрытых лесом | V3: питомниктер және бірікпеген ағаштар питомников и несомкнувшихся культур | AA3: өзендер мен жылғалар астындағы под реками и ручьями | AB3: көл астындағы под озерами | AC3: соның ішінде тұщы сулы в т.ч. пресноводных | AD3: жасанды су айдындары искуственныме водоемы | AK3: құмдар песков | AL3: қалдықтар полигондары, полигондарполигоны отходов, свалки | AM3: жыралар мен сайлар оврагов | AN3: мұз басқан жерлер ледников | AO3: басқа алқаптар других угодий
A5: А1 | B5: А2 | D5: 29 | E5: 30 | F5: 31 | G5: 32 | H5: 33 | I5: 34 | J5: 35 | K5: 36 | L5: 37 | M5: 38 | N5: 39 | O5: 40 | P5: 41 | Q5: 42 | R5: 43 | S5: 44 | T5: 45 | U5: 46 | V5: 47 | W5: 48 | X5: 49 | Y5: 50 | Z5: 51 | AA5: 52 | AB5: 53 | AC5: 54 | AD5: 55 | AE5: 56 | AF5: 57 | AG5: 58 | AH5: 59 | AI5: 60 | AJ5: 61 | AK5: 62 | AM5: 63 | AN5: 64 | AO5: 65 | AP5: 66
A6: 1 | B6: Ауыл шаруашылық жерлер Земли сельскохозяйственного назначения | C6: =SUM(C7+C18) -> 4090 | D6: =SUM(Q6+AP6) -> 7232511.8 | E6: =SUM(E7+E18) -> 4987500.7 | F6: =SUM(F7+F18) -> 857 | G6: =SUM(G7+G18) -> 449 | H6: =SUM(H7+H18) -> 45 | I6: =SUM(I7+I18) -> 40780 | J6: =SUM(J7+J18) -> 17522 | K6: =SUM(K7+K18) -> 6660 | M6: =SUM(M7+M18) -> 1954008.7 | N6: =SUM(N7+N18) -> 379495 | O6: =SUM(O7+O18) -> 702369 | Q6: =SUM(E6+F6+I6+J6+M6) -> 7000668.4 | S6: =SUM(S7+S18) -> 182 | T6: =SUM(T7+T18) -> 7 | V6: =SUM(V7+V18) -> 175 | W6: =SUM(W7+W18) -> 48270.4 | X6: =SUM(X7+X18) -> 6401 | Y6: =SUM(Y7+Y18) -> 42777.6 | Z6: =SUM(AA6+AB6+AD6) -> 63340.1 | AA6: =SUM(AA7+AA18) -> 4517 | AB6: =SUM(AB7+AB18) -> 56665.1 | AC6: =SUM(AC7+AC18) -> 32152 | AD6: =SUM(AD7+AD18) -> 2158 | AE6: =SUM(AE7+AE18) -> 129 | AF6: =SUM(AF7+AF18) -> 31840.3 | AG6: =SUM(AG7+AG18) -> 13 | AH6: =SUM(AH7+AH18) -> 784 | AI6: =SUM(AI7+AI18) -> 397 | AJ6: =SUM(AK6+AM6+AN6+AO6) -> 44110 | AK6: =SUM(AK7+AK18) -> 45 | AM6: =SUM(AM7+AM18) -> 51 | AO6: =SUM(AO7+AO18) -> 44014 | AP6: =SUM(S6+W6+Y6+Z6+AE6+AF6+AG6+AH6+AI6+AJ6) -> 231843.4
A7: 1.1 | B7: Азаматтардың жері: Земли граждан: | C7: =SUM(C8:C15) -> 3081 | D7: =SUM(Q7+AP7) -> 1662521.5 | E7: =SUM(E8:E15) -> 993651.3 | F7: =SUM(F8:F15) -> 259 | G7: =SUM(G8:G15) -> 108 | H7: =SUM(H8:H15) -> 2 | I7: =SUM(I8:I15) -> 51 | J7: =SUM(J8:J15) -> 4443 | K7: =SUM(K8:K15) -> 1173 | M7: =SUM(M8:M15) -> 608091.4 | N7: =SUM(N8:N15) -> 132918 | O7: =SUM(O8:O15) -> 179923 | Q7: =SUM(E7+F7+I7+J7+M7) -> 1606495.7 | S7: =SUM(T7:V7) -> 1 | T7: =SUM(T8:T15) -> 1 | W7: =SUM(W8:W15) -> 9620 | X7: =SUM(X8:X15) -> 1731 | Y7: =SUM(Y8:Y15) -> 9429 | Z7: =SUM(AA7+AB7+AD7) -> 14051.1 | AA7: =SUM(AA8:AA15) -> 1089 | AB7: =SUM(AB8:AB15) -> 12239.1 | AC7: =SUM(AC8:AC15) -> 6589 | AD7: =SUM(AD8:AD15) -> 723 | AE7: =SUM(AE8:AE15) -> 11 | AF7: =SUM(AF8:AF15) -> 6516.7 | AG7: =SUM(AG8:AG15) -> 10 | AH7: =SUM(AH8:AH15) -> 293 | AI7: =SUM(AI8:AI15) -> 77 | AJ7: =SUM(AK7+AM7+AN7+AO7) -> 16017 | AK7: =SUM(AK8:AK15) -> 5 | AM7: =SUM(AM8:AM15) -> 9 | AO7: =SUM(AO8:AO15) -> 16003 | AP7: =SUM(S7+W7+Y7+Z7+AE7+AF7+AG7+AH7+AI7+AJ7) -> 56025.8
A8: 1.1.1 | B8: шаруа (фермер) қожалықтары крестьянские (фермерские) хозяйства | C8: =SUM('рабочая 2023 г'!Y50) -> 2872 | D8: =SUM(Q8+AP8) -> 1619466 | E8: =SUM('рабочая 2023 г'!AG50) -> 980536.3 | F8: =SUM('рабочая 2023 г'!AH50) -> 196 | G8: =SUM('рабочая 2023 г'!AI50) -> 90 | H8: =SUM('рабочая 2023 г'!AJ50) -> 2 | I8: =SUM('рабочая 2023 г'!AK50) -> 51 | J8: =SUM('рабочая 2023 г'!AL50) -> 4071 | K8: =SUM('рабочая 2023 г'!AM50) -> 1045 | M8: =SUM('рабочая 2023 г'!AO50) -> 581759.4 | N8: =SUM('рабочая 2023 г'!AP50) -> 130471 | O8: =SUM('рабочая 2023 г'!AQ50) -> 176456 | Q8: =SUM(E8+F8+I8+J8+M8) -> 1566613.7 | S8: =SUM(T8:V8) -> 1 | T8: =SUM('рабочая 2023 г'!AV50) -> 1 | W8: =SUM('рабочая 2023 г'!AY50) -> 9113 | X8: =SUM('рабочая 2023 г'!AZ50) -> 1425 | Y8: =SUM('рабочая 2023 г'!BA50) -> 8554 | Z8: =SUM(AA8+AB8+AD8) -> 12911.8 | AA8: =SUM('рабочая 2023 г'!BC50) -> 1009 | AB8: =SUM('рабочая 2023 г'!BD50) -> 11384.8 | AC8: =SUM('рабочая 2023 г'!BE50) -> 6425 | AD8: =SUM('рабочая 2023 г'!BF50) -> 518 | AE8: =SUM('рабочая 2023 г'!BG50) -> 11 | AF8: =SUM('рабочая 2023 г'!BH50) -> 6261.5 | AG8: =SUM('рабочая 2023 г'!BI50) -> 2 | AH8: =SUM('рабочая 2023 г'!BJ50) -> 261 | AI8: =SUM('рабочая 2023 г'!BK50) -> 77 | AJ8: =SUM(AK8:AO8) -> 15660 | AK8: =SUM('рабочая 2023 г'!BM50) -> 5 | AM8: =SUM('рабочая 2023 г'!BN50) -> 1 | AO8: =SUM('рабочая 2023 г'!BP50) -> 15654 | AP8: =SUM(S8+W8+Y8+Z8+AE8+AF8+AG8+AH8+AI8+AJ8) -> 52852.3
A9: 1.1.2 | B9: жеке қосалқы шаруашылықтар личные подсобные хозяйства | C9: =SUM('рабочая 2023 г'!Y66) -> 70 | D9: =SUM(Q9+AP9) -> 23466 | E9: =SUM('рабочая 2023 г'!AG66) -> 11427 | F9: =SUM('рабочая 2023 г'!AH66) -> 28 | M9: =SUM('рабочая 2023 г'!AO66) -> 11011 | N9: =SUM('рабочая 2023 г'!AP66) -> 511 | O9: =SUM('рабочая 2023 г'!AQ66) -> 347 | Q9: =SUM(E9+F9+I9+J9+M9) -> 22466 | W9: =SUM('рабочая 2023 г'!AY66) -> 84 | X9: =SUM('рабочая 2023 г'!AZ66) -> 1 | Y9: =SUM('рабочая 2023 г'!BA66) -> 64 | Z9: =SUM(AA9+AB9+AD9) -> 538 | AA9: =SUM('рабочая 2023 г'!BC66) -> 7 | AB9: =SUM('рабочая 2023 г'!BD66) -> 370 | AC9: =SUM('рабочая 2023 г'!BE66) -> 31 | AD9: =SUM('рабочая 2023 г'!BF66) -> 161 | AF9: =SUM('рабочая 2023 г'!BH66) -> 110 | AJ9: =SUM(AK9:AO9) -> 204 | AO9: =SUM('рабочая 2023 г'!BP66) -> 204 | AP9: =SUM(S9+W9+Y9+Z9+AE9+AF9+AG9+AH9+AI9+AJ9) -> 1000
A10: 1.1.3 | B10: қызметтік үлесі бар азаматтар граждане, имеющие служебные наделы
A11: 1.1.4 | B11: бағбандар және бағбандық бірлестіктер садоводы и садоводческие объединения
A12: 1.1.5 | B12: бақшалар огородники | C12: =SUM('рабочая 2023 г'!Y113) -> 20 | D12: =SUM(Q12+AP12) -> 1345 | E12: =SUM('рабочая 2023 г'!AG113) -> 523 | F12: =SUM('рабочая 2023 г'!AH113) -> 35 | G12: =SUM('рабочая 2023 г'!AI113) -> 18 | J12: =SUM('рабочая 2023 г'!AL113) -> 86 | K12: =SUM('рабочая 2023 г'!AM113) -> 86 | M12: =SUM('рабочая 2023 г'!AO113) -> 571 | N12: =SUM('рабочая 2023 г'!AP113) -> 94 | O12: =SUM('рабочая 2023 г'!AQ113) -> 186 | Q12: =SUM(E12+F12+I12+J12+M12) -> 1215 | W12: =SUM('рабочая 2023 г'!AY113) -> 4 | X12: =SUM('рабочая 2023 г'!AZ113) -> 3 | Y12: =SUM('рабочая 2023 г'!BA113) -> 5 | Z12: =SUM(AA12+AB12+AD12) -> 41 | AA12: =SUM('рабочая 2023 г'!BC113) -> 18 | AB12: =SUM('рабочая 2023 г'!BD113) -> 20 | AC12: =SUM('рабочая 2023 г'!BE113) -> 16 | AD12: =SUM('рабочая 2023 г'!BF113) -> 3 | AF12: =SUM('рабочая 2023 г'!BH113) -> 14 | AJ12: =SUM(AK12:AO12) -> 66 | AO12: =SUM('рабочая 2023 г'!BP113) -> 66 | AP12: =SUM(S12+W12+Y12+Z12+AE12+AF12+AG12+AH12+AI12+AJ12) -> 130
A13: 1.1.6 | B13: саяжайлар мен саяжай бірлестіктері дачники и дачные объединения
A14: 1.1.7 | B14: мал өсірушілер және мал шаруашылығы бірлестіктері животноводы и животноводческие объединения
A15: 1.1.8 | B15: шөп шабумен және мал жаюмен айналысатын азаматтар граждане, занимающиеся сенокошением и выпасом скота | C15: =SUM('рабочая 2023 г'!Y160) -> 119 | D15: =SUM(Q15+AP15) -> 18244.5 | E15: =SUM('рабочая 2023 г'!AG160) -> 1165 | J15: =SUM('рабочая 2023 г'!AL160) -> 286 | K15: =SUM('рабочая 2023 г'!AM160) -> 42 | M15: =SUM('рабочая 2023 г'!AO160) -> 14750 | N15: =SUM('рабочая 2023 г'!AP160) -> 1842 | O15: =SUM('рабочая 2023 г'!AQ160) -> 2934 | P15: =SUM('рабочая 2023 г'!AR160) -> 0 | Q15: =SUM('рабочая 2023 г'!AS160) -> 16201 | W15: =SUM('рабочая 2023 г'!AY160) -> 419 | X15: =SUM('рабочая 2023 г'!AZ160) -> 302 | Y15: =SUM('рабочая 2023 г'!BA160) -> 806 | Z15: =SUM('рабочая 2023 г'!BB160) -> 560.3 | AA15: =SUM('рабочая 2023 г'!BC160) -> 55 | AB15: =SUM('рабочая 2023 г'!BD160) -> 464.3 | AC15: =SUM('рабочая 2023 г'!BE160) -> 117 | AD15: =SUM('рабочая 2023 г'!BF160) -> 41 | AF15: =SUM('рабочая 2023 г'!BH160) -> 131.2 | AG15: =SUM('рабочая 2023 г'!BI160) -> 8 | AH15: =SUM('рабочая 2023 г'!BJ160) -> 32 | AJ15: =SUM('рабочая 2023 г'!BL160) -> 87 | AK15: =SUM('рабочая 2023 г'!BM160) -> 0 | AM15: =SUM('рабочая 2023 г'!BN160) -> 8 | AO15: =SUM('рабочая 2023 г'!BP160) -> 79 | AP15: =SUM(S15+W15+Y15+Z15+AE15+AF15+AG15+AH15+AI15+AJ15) -> 2043.5
A16: 1.1.9 | B16: ауыл шаруашылығы мақсатындағы емес санаттарда ескерілген қызметтік үлесі бар азаматтар граждане, имеющие служебные наделы, учтенные в категориях не сельскохозяйственного назначения
A17: 1.1.10 | B17: ауыл шаруашылығы мақсатындағы емес басқа санаттарда ескерілген бақшалар огородники, учтенные в других категориях не сельскохозяйственного назначения
A18: 1.2 | B18: Ұйымның жері: Земли организации: | C18: =SUM(C19:C24) -> 1009 | D18: =SUM(Q18+AP18) -> 5569990.3 | E18: =SUM(E19:E24) -> 3993849.4 | F18: =SUM(F19:F24) -> 598 | G18: =SUM(G19:G24) -> 341 | H18: =SUM(H19:H24) -> 43 | I18: =SUM(I19:I24) -> 40729 | J18: =SUM(J19:J24) -> 13079 | K18: =SUM(K19:K24) -> 5487 | M18: =SUM(M19:M24) -> 1345917.3 | N18: =SUM(N19:N24) -> 246577 | O18: =SUM(O19:O24) -> 522446 | Q18: =SUM(E18+F18+I18+J18+M18) -> 5394172.7 | S18: =SUM(S19:S24) -> 181 | T18: =SUM(T19:T24) -> 6 | V18: =SUM(V19:V24) -> 175 | W18: =SUM(W19:W24) -> 38650.4 | X18: =SUM(X19:X24) -> 4670 | Y18: =SUM(Y19:Y24) -> 33348.6 | Z18: =SUM(AA18+AB18+AD18) -> 49289 | AA18: =SUM(AA19:AA24) -> 3428 | AB18: =SUM(AB19:AB24) -> 44426 | AC18: =SUM(AC19:AC24) -> 25563 | AD18: =SUM(AD19:AD24) -> 1435 | AE18: =SUM(AE19:AE24) -> 118 | AF18: =SUM(AF19:AF24) -> 25323.6 | AG18: =SUM(AG19:AG24) -> 3 | AH18: =SUM(AH19:AH24) -> 491 | AI18: =SUM(AI19:AI24) -> 320 | AJ18: =SUM(AK18+AM18+AN18+AO18) -> 28093 | AK18: =SUM(AK19:AK24) -> 40 | AM18: =SUM(AM19:AM24) -> 42 | AO18: =SUM(AO19:AO24) -> 28011 | AP18: =SUM(S18+W18+Y18+Z18+AE18+AF18+AG18+AH18+AI18+AJ18) -> 175817.6
A19: 1.2.1 | B19: шаруашылық серіктестіктер мен қоғамдар хозяйственные товарищества и общества | C19: =SUM('рабочая 2023 г'!Y222) -> 923 | D19: =SUM(Q19+AP19) -> 5469445.3 | E19: =SUM('рабочая 2023 г'!AG222) -> 3972568.4 | F19: =SUM('рабочая 2023 г'!AH222) -> 515 | G19: =SUM('рабочая 2023 г'!AI222) -> 320 | H19: =SUM('рабочая 2023 г'!AJ222) -> 43 | I19: =SUM('рабочая 2023 г'!AK222) -> 40729 | J19: =SUM('рабочая 2023 г'!AL222) -> 11872 | K19: =SUM('рабочая 2023 г'!AM222) -> 4621 | M19: =SUM('рабочая 2023 г'!AO222) -> 1274468.3 | N19: =SUM('рабочая 2023 г'!AP222) -> 238463 | O19: =SUM('рабочая 2023 г'!AQ222) -> 500575 | Q19: =SUM(E19+F19+I19+J19+M19) -> 5300152.7 | S19: =SUM('рабочая 2023 г'!AU222) -> 6 | T19: =SUM('рабочая 2023 г'!AV222) -> 6 | W19: =SUM('рабочая 2023 г'!AY222) -> 37631.4 | X19: =SUM('рабочая 2023 г'!AZ222) -> 4488 | Y19: =SUM('рабочая 2023 г'!BA222) -> 32707.6 | Z19: =SUM('рабочая 2023 г'!BB222) -> 47471 | AA19: =SUM('рабочая 2023 г'!BC222) -> 3284 | AB19: =SUM('рабочая 2023 г'!BD222) -> 42788 | AC19: =SUM('рабочая 2023 г'!BE222) -> 25190 | AD19: =SUM('рабочая 2023 г'!BF222) -> 1399 | ... AI19: =SUM('рабочая 2023 г'!BK222) -> 320 | AJ19: =SUM(AK19+AM19+AN19+AO19) -> 25672 | AK19: =SUM('рабочая 2023 г'!BM222) -> 40 | AM19: =SUM('рабочая 2023 г'!BN222) -> 42 | AO19: =SUM('рабочая 2023 г'!BP222) -> 25590 | AP19: =SUM(S19+W19+Y19+Z19+AE19+AF19+AG19+AH19+AI19+AJ19) -> 169292.6
A20: 1.2.2 | B20: өндірістік кооперативтер производственные кооперативы | C20: =SUM('рабочая 2023 г'!Y238) -> 26 | D20: =SUM(Q20+AP20) -> 56715 | E20: =SUM('рабочая 2023 г'!AG238) -> 13202 | M20: =SUM('рабочая 2023 г'!AO238) -> 40877 | N20: =SUM('рабочая 2023 г'!AP238) -> 5503 | O20: =SUM('рабочая 2023 г'!AQ238) -> 7131 | Q20: =SUM(E20+F20+I20+J20+M20) -> 54079 | W20: =SUM('рабочая 2023 г'!AY238) -> 199 | X20: =SUM('рабочая 2023 г'!AZ238) -> 13 | Y20: =SUM('рабочая 2023 г'!BA238) -> 38 | Z20: =SUM(AA20+AB20+AD20) -> 145 | AA20: =SUM('рабочая 2023 г'!BC238) -> 25 | AB20: =SUM('рабочая 2023 г'!BD238) -> 115 | AC20: =SUM('рабочая 2023 г'!BE238) -> 67 | AD20: =SUM('рабочая 2023 г'!BF238) -> 5 | AF20: =SUM('рабочая 2023 г'!BH238) -> 162 | AJ20: =SUM(AK20+AM20+AN20+AO20) -> 2092 | AK20: =SUM('рабочая 2023 г'!BM238) -> 0 | AM20: =SUM('рабочая 2023 г'!BN238) -> 0 | AO20: =SUM('рабочая 2023 г'!BP238) -> 2092 | AP20: =SUM(S20+W20+Y20+Z20+AE20+AF20+AG20+AH20+AI20+AJ20) -> 2636
A21: 1.2.3 | B21: мемлекеттік ауыл шаруашылығы кәсіпорындары государственные сельскохозяйственные предприятия | C21: =SUM('рабочая 2023 г'!Y254) -> 8 | D21: =SUM(Q21+AP21) -> 2185 | E21: =SUM('рабочая 2023 г'!AG254) -> 1863 | F21: =SUM('рабочая 2023 г'!AH254) -> 13 | G21: =SUM('рабочая 2023 г'!AI254) -> 3 | M21: =SUM('рабочая 2023 г'!AO254) -> 277 | N21: =SUM('рабочая 2023 г'!AP254) -> 180 | O21: =SUM('рабочая 2023 г'!AQ254) -> 19 | Q21: =SUM(E21+F21+I21+J21+M21) -> 2153 | W21: =SUM('рабочая 2023 г'!AY254) -> 11 | X21: =SUM('рабочая 2023 г'!AZ254) -> 3 | AE21: =SUM('рабочая 2023 г'!BG254) -> 4 | AF21: =SUM('рабочая 2023 г'!BH254) -> 15 | AJ21: =SUM(AK21+AM21+AN21+AO21) -> 2 | AO21: =SUM('рабочая 2023 г'!BP254) -> 2 | AP21: =SUM(S21+W21+Y21+Z21+AE21+AF21+AG21+AH21+AI21+AJ21) -> 32
A22: 1.2.4 | B22: ғылыми-зерттеу және оқу мекемелері мен мекемелері научно-исследовательские и учебные учреждения и заведения | C22: =SUM('рабочая 2023 г'!Y270) -> 15 | D22: =SUM(Q22+AP22) -> 5499 | E22: =SUM('рабочая 2023 г'!AG270) -> 3887 | F22: =SUM('рабочая 2023 г'!AH270) -> 47 | G22: =SUM('рабочая 2023 г'!AI270) -> 6 | M22: =SUM('рабочая 2023 г'!AO270) -> 1046 | N22: =SUM('рабочая 2023 г'!AP270) -> 144 | O22: =SUM('рабочая 2023 г'!AQ270) -> 730 | Q22: =SUM(E22+F22+I22+J22+M22) -> 4980 | W22: =SUM('рабочая 2023 г'!AY270) -> 38 | Y22: =SUM('рабочая 2023 г'!BA270) -> 13 | Z22: =SUM(AA22+AB22+AD22) -> 334 | AB22: =SUM('рабочая 2023 г'!BD270) -> 334 | AC22: =SUM('рабочая 2023 г'!BE270) -> 165 | AF22: =SUM('рабочая 2023 г'!BH270) -> 31 | AH22: =SUM('рабочая 2023 г'!BJ270) -> 10 | AJ22: =SUM(AK22+AM22+AN22+AO22) -> 93 | AO22: =SUM('рабочая 2023 г'!BP270) -> 93 | AP22: =SUM(S22+W22+Y22+Z22+AE22+AF22+AG22+AH22+AI22+AJ22) -> 519
A23: 1.2.5 | B23: қосалқы шаруашылықтар подсобные хозяйства | C23: =SUM('рабочая 2023 г'!Y286) -> 1 | D23: =SUM(Q23+AP23) -> 92 | E23: =SUM('рабочая 2023 г'!AG286) -> 77 | M23: =SUM('рабочая 2023 г'!AO286) -> 3 | Q23: =SUM(E23+F23+I23+J23+M23) -> 80 | AF23: =SUM('рабочая 2023 г'!BH286) -> 1 | AJ23: =SUM(AK23+AM23+AN23+AO23) -> 11 | AO23: =SUM('рабочая 2023 г'!BP286) -> 11 | AP23: =SUM(S23+W23+Y23+Z23+AE23+AF23+AG23+AH23+AI23+AJ23) -> 12
A24: 1.2.6 | B24: басқа кәсіпорындар , ұйымдар мен мекемелер прочие предприятия , организации и учреждения | C24: =SUM('рабочая 2023 г'!Y302) -> 36 | D24: =SUM(Q24+AP24) -> 36054 | E24: =SUM('рабочая 2023 г'!AG302) -> 2252 | F24: =SUM('рабочая 2023 г'!AH302) -> 23 | G24: =SUM('рабочая 2023 г'!AI302) -> 12 | J24: =SUM('рабочая 2023 г'!AL302) -> 1207 | K24: =SUM('рабочая 2023 г'!AM302) -> 866 | M24: =SUM('рабочая 2023 г'!AO302) -> 29246 | N24: =SUM('рабочая 2023 г'!AP302) -> 2287 | O24: =SUM('рабочая 2023 г'!AQ302) -> 13991 | Q24: =SUM(E24+F24+I24+J24+M24) -> 32728 | S24: =SUM('рабочая 2023 г'!AU302) -> 175 | V24: =SUM('рабочая 2023 г'!AX302) -> 175 | W24: =SUM('рабочая 2023 г'!AY302) -> 771 | X24: =SUM('рабочая 2023 г'!AZ302) -> 166 | Y24: =SUM('рабочая 2023 г'!BA302) -> 590 | Z24: =SUM(AA24+AB24+AD24) -> 1339 | AA24: =SUM('рабочая 2023 г'!BC302) -> 119 | AB24: =SUM('рабочая 2023 г'!BD302) -> 1189 | AC24: =SUM('рабочая 2023 г'!BE302) -> 141 | AD24: =SUM('рабочая 2023 г'!BF302) -> 31 | AF24: =SUM('рабочая 2023 г'!BH302) -> 228 | AJ24: =SUM(AK24+AM24+AN24+AO24) -> 223 | AO24: =SUM('рабочая 2023 г'!BP302) -> 223 | AP24: =SUM(S24+W24+Y24+Z24+AE24+AF24+AG24+AH24+AI24+AJ24) -> 3326
A25: 2 | B25: Елді мекендердің (қалалардың, кенттердің және ауылдық елді мекендердің) жері Земли населенных пунктов(городов,поселков и сельских населенных пунктов) (строка 2.1+2.2+2.3+2.4) | C25: =SUM('рабочая 2023 г'!Y318) -> 639 | D25: =SUM(Q25+AP25) -> 1051073.2 | E25: =SUM('рабочая 2023 г'!AG318) -> 29743.7 | F25: =SUM('рабочая 2023 г'!AH318) -> 3161 | G25: =SUM('рабочая 2023 г'!AI318) -> 2843 | H25: =SUM('рабочая 2023 г'!AJ318) -> 71 | I25: =SUM('рабочая 2023 г'!AK318) -> 3713 | J25: =SUM('рабочая 2023 г'!AL318) -> 2667 | K25: =SUM('рабочая 2023 г'!AM318) -> 501 | M25: =SUM('рабочая 2023 г'!AO318) -> 820318.6 | N25: =SUM('рабочая 2023 г'!AP318) -> 152606 | O25: =SUM('рабочая 2023 г'!AQ318) -> 576307 | Q25: =SUM(E25+F25+I25+J25+M25) -> 859603.3 | S25: =SUM(T25:V25) -> 3536 | T25: =SUM('рабочая 2023 г'!AV318) -> 3168 | U25: =SUM('рабочая 2023 г'!AW318) -> 347 | V25: =SUM('рабочая 2023 г'!AX318) -> 21 | W25: =SUM('рабочая 2023 г'!AY318) -> 8968.7 | X25: =SUM('рабочая 2023 г'!AZ318) -> 1432 | Y25: =SUM('рабочая 2023 г'!BA318) -> 21244.2 | Z25: =SUM(AA25+AB25+AD25) -> 52631 | AA25: =SUM('рабочая 2023 г'!BC318) -> 3124 | AB25: =SUM('рабочая 2023 г'!BD318) -> 46761 | AC25: =SUM('рабочая 2023 г'!BE318) -> 27383 | AD25: =SUM('рабочая 2023 г'!BF318) -> 2746 | AE25: =SUM('рабочая 2023 г'!BG318) -> 43 | AF25: =SUM('рабочая 2023 г'!BH318) -> 14431 | AG25: =SUM('рабочая 2023 г'!BI318) -> 2343 | AH25: =SUM('рабочая 2023 г'!BJ318) -> 65300 | AI25: =SUM('рабочая 2023 г'!BK318) -> 1865 | AJ25: =SUM(AK25+AM25+AN25+AO25) -> 21108 | AK25: =SUM('рабочая 2023 г'!BM318) -> 145 | AM25: =SUM('рабочая 2023 г'!BN318) -> 150 | AO25: =SUM('рабочая 2023 г'!BP318) -> 20813 | AP25: =SUM(S25+W25+Y25+Z25+AE25+AF25+AG25+AH25+AI25+AJ25) -> 191469.9
A26: 2.1 | B26: Тұрғын үй аймағының жерлері, оның ішінде: Земли жилищной зоны, из них: (2.1.1+2.1.2) | C26: =SUM(C27:C28) -> 38415 | D26: =SUM(Q26+AP26) -> 1607 | AH26: =SUM(AH27:AH28) -> 1607 | AP26: =SUM(S26+W26+Y26+Z26+AE26+AF26+AG26+AH26+AI26+AJ26) -> 1607
A27: 2.1.1 | B27: көп қабатты құрылыс многоэтажной застройки | C27: =SUM('рабочая 2023 г'!Y350) -> 158 | D27: =SUM(Q27+AP27) -> 148 | AH27: =SUM('рабочая 2023 г'!BJ350) -> 148 | AP27: =SUM(S27+W27+Y27+Z27+AE27+AF27+AG27+AH27+AI27+AJ27) -> 148
A28: 2.1.2 | B28: жеке құрылыс салу индивидуальной застройки | C28: =SUM('рабочая 2023 г'!Y367) -> 38257 | D28: =SUM(Q28+AP28) -> 1459 | AH28: =SUM('рабочая 2023 г'!BJ367) -> 1459 | AP28: =SUM(S28+W28+Y28+Z28+AE28+AF28+AG28+AH28+AI28+AJ28) -> 1459
A29: 2.2 | B29: Әлеуметтік аймақтың жерлері Земли социальной зоны | C29: =SUM('рабочая 2023 г'!Y383) -> 1725 | D29: =SUM(Q29+AP29) -> 2165 | AG29: =SUM('рабочая 2023 г'!BI383) -> 10 | AH29: =SUM('рабочая 2023 г'!BJ383) -> 1930 | AI29: =SUM('рабочая 2023 г'!BK383) -> 0 | AJ29: =SUM(AK29+AM29+AN29+AO29) -> 225 | AO29: =SUM('рабочая 2023 г'!BP383) -> 225 | AP29: =SUM(S29+W29+Y29+Z29+AE29+AF29+AG29+AH29+AI29+AJ29) -> 2165
A30: 2.3 | B30: Коммерциялық аймақтың жерлері Земли коммерческой зоны (2.3.1+2.3.2) | C30: =SUM(C31:C32) -> 10080 | D30: =SUM(Q30+AP30) -> 9611 | M30: =SUM(M31:M32) -> 778 | N30: =SUM(N31:N32) -> 72 | Q30: =SUM(E30+F30+I30+J30+M30) -> 778 | Z30: =SUM(AA30+AB30+AD30) -> 512 | AB30: =SUM(AB31:AB32) -> 448 | AD30: =SUM(AD31:AD32) -> 64 | AE30: =SUM(AE31:AE32) -> 18 | AF30: =SUM(AF31:AF32) -> 12 | AH30: =SUM(AH31:AH32) -> 7515 | AI30: =SUM(AI31:AI32) -> 142 | AJ30: =SUM(AK30+AM30+AN30+AO30) -> 634 | AO30: =SUM(AO31:AO32) -> 634 | AP30: =SUM(S30+W30+Y30+Z30+AE30+AF30+AG30+AH30+AI30+AJ30) -> 8833
A31: 2.3.1 | B31: өндірістік объектілердің жері земли производственных объектов | C31: =SUM('рабочая 2023 г'!Y416) -> 3538 | D31: =SUM(Q31+AP31) -> 7069 | M31: =SUM('рабочая 2023 г'!AO416) -> 711 | N31: =SUM('рабочая 2023 г'!AP416) -> 5 | Q31: =SUM(E31+F31+I31+J31+M31) -> 711 | Z31: =SUM(AA31+AB31+AD31) -> 10 | AB31: =SUM('рабочая 2023 г'!BD416) -> 10 | AE31: =SUM('рабочая 2023 г'!BG416) -> 5 | AF31: =SUM('рабочая 2023 г'!BH416) -> 8 | AH31: =SUM('рабочая 2023 г'!BJ416) -> 5850 | AI31: =SUM('рабочая 2023 г'!BK416) -> 35 | AJ31: =SUM(AK31+AM31+AN31+AO31) -> 450 | AO31: =SUM('рабочая 2023 г'!BP416) -> 450 | AP31: =SUM(S31+W31+Y31+Z31+AE31+AF31+AG31+AH31+AI31+AJ31) -> 6358
A32: 2.3.2 | B32: сауда, қоғамдық тамақтандыру, тұрмыстық қызмет көрсету объектілерінің жерлері земли объектов торговли, общественного питания, бытового обслуживания | C32: =SUM('рабочая 2023 г'!Y432) -> 6542 | D32: =SUM(Q32+AP32) -> 2542 | M32: =SUM('рабочая 2023 г'!AO432) -> 67 | N32: =SUM('рабочая 2023 г'!AP432) -> 67 | Q32: =SUM(E32+F32+I32+J32+M32) -> 67 | Z32: =SUM(AA32+AB32+AD32) -> 502 | AB32: =SUM('рабочая 2023 г'!BD432) -> 438 | AC32: =SUM('рабочая 2023 г'!BE432) -> 408 | AD32: =SUM('рабочая 2023 г'!BF432) -> 64 | AE32: =SUM('рабочая 2023 г'!BG432) -> 13 | AF32: =SUM('рабочая 2023 г'!BH432) -> 4 | AH32: =SUM('рабочая 2023 г'!BJ432) -> 1665 | AI32: =SUM('рабочая 2023 г'!BK432) -> 107 | AJ32: =SUM(AK32+AM32+AN32+AO32) -> 184 | AO32: =SUM('рабочая 2023 г'!BP432) -> 184 | AP32: =SUM(S32+W32+Y32+Z32+AE32+AF32+AG32+AH32+AI32+AJ32) -> 2475
A33: 2.4 | B33: Өзге аймақтың жерлері Земли иной зоны (2.4.1+2.4.2+2.4.3+2.4.4+2.4.5+2.4.6+2.4.7+2.4.8+2.4.9+2.4.10) | C33: =SUM(C34+C35+C42+C50+C56+C57+C58+C59+C60+C61) -> 147860 | D33: =SUM(Q33+AP33) -> 1037690.2 | E33: =SUM(E34+E35+E42+E50+E56+E57+E58+E59+E60) -> 29743.7 | F33: =SUM(F34+F35+F42+F50+F56+F57+F58+F59+F60) -> 3161 | G33: =SUM(G34+G35+G42+G50+G56+G57+G58+G59+G60) -> 2843 | H33: =SUM(H34+H35+H42+H50+H56+H57+H58+H59+H60) -> 71 | I33: =SUM(I34+I35+I42+I50+I56+I57+I58+I59+I60) -> 3713 | J33: =SUM(J34+J35+J42+J50+J56+J57+J58+J59+J60) -> 2667 | K33: =SUM(K34+K35+K42+K50+K56+K57+K58+K59+K60) -> 501 | M33: =SUM(M34+M35+M42+M50+M56+M57+M58+M59+M60) -> 819540.6 | N33: =SUM(N34+N35+N42+N50+N56+N57+N58+N59+N60) -> 152534 | O33: =SUM(O34+O35+O42+O50+O56+O57+O58+O59+O60) -> 576307 | Q33: =SUM(E33+F33+I33+J33+M33) -> 858825.3 | S33: =SUM(S34+S35+S42+S50+S56+S57+S58+S59+S60) -> 3536 | T33: =SUM(T34+T35+T42+T50+T56+T57+T58+T59+T60) -> 3168 | U33: =SUM(U34+U35+U42+U50+U56+U57+U58+U59+U60) -> 347 | V33: =SUM(V34+V35+V42+V50+V56+V57+V58+V59+V60) -> 21 | W33: =SUM(W34+W35+W42+W50+W56+W57+W58+W59+W60) -> 8968.7 | X33: =SUM(X34+X35+X42+X50+X56+X57+X58+X59+X60) -> 1432 | Y33: =SUM(Y34+Y35+Y42+Y50+Y56+Y57+Y58+Y59+Y60) -> 21244.2 | Z33: =SUM(Z34+Z35+Z42+Z50+Z56+Z57+Z58+Z59+Z60) -> 52119 | ... AK33: =SUM(AK34+AK35+AK42+AK50+AK56+AK57+AK58+AK59+AK60) -> 145 | AM33: =SUM(AM34+AM35+AM42+AM50+AM56+AM57+AM58+AM59+AM60) -> 150 | AO33: =SUM(AO34+AO35+AO42+AO50+AO56+AO57+AO58+AO59+AO60) -> 19954 | AP33: =SUM(S33+W33+Y33+Z33+AE33+AF33+AG33+AH33+AI33+AJ33) -> 178864.9
A34: 2.4.1. | B34: Жалпы пайдаланудағы жерлер Земли общего пользования | D34: =SUM(Q34+AP34) -> 865040.2 | E34: =SUM('рабочая 2023 г'!AG464) -> 7056.7 | F34: =SUM('рабочая 2023 г'!AH464) -> 380 | G34: =SUM('рабочая 2023 г'!AI464) -> 163 | H34: =SUM('рабочая 2023 г'!AJ464) -> 24 | I34: =SUM('рабочая 2023 г'!AK464) -> 2277 | J34: =SUM('рабочая 2023 г'!AL464) -> 2617 | K34: =SUM('рабочая 2023 г'!AM464) -> 501 | M34: =SUM('рабочая 2023 г'!AO464) -> 702549.6 | N34: =SUM('рабочая 2023 г'!AP464) -> 121483 | O34: =SUM('рабочая 2023 г'!AQ464) -> 498114 | Q34: =SUM(E34+F34+I34+J34+M34) -> 714880.3 | S34: =SUM('рабочая 2023 г'!AU464) -> 13 | T34: =SUM('рабочая 2023 г'!AV464) -> 4 | V34: =SUM('рабочая 2023 г'!AX464) -> 9 | W34: =SUM('рабочая 2023 г'!AY464) -> 8229.7 | X34: =SUM('рабочая 2023 г'!AZ464) -> 1155 | Y34: =SUM('рабочая 2023 г'!BA464) -> 20115.2 | Z34: =SUM(AA34+AB34+AD34) -> 48760 | AA34: =SUM('рабочая 2023 г'!BC464) -> 2685 | AB34: =SUM('рабочая 2023 г'!BD464) -> 44378 | AC34: =SUM('рабочая 2023 г'!BE464) -> 26281 | AD34: =SUM('рабочая 2023 г'!BF464) -> 1697 | AE34: =SUM('рабочая 2023 г'!BG464) -> 25 | AF34: =SUM('рабочая 2023 г'!BH464) -> 12022 | AG34: =SUM('рабочая 2023 г'!BI464) -> 2203 | AH34: =SUM('рабочая 2023 г'!BJ464) -> 39860 | AI34: =SUM('рабочая 2023 г'!BK464) -> 1367 | AJ34: =SUM(AK34+AM34+AN34+AO34) -> 17565 | AK34: =SUM('рабочая 2023 г'!BM464) -> 145 | AM34: =SUM('рабочая 2023 г'!BN464) -> 144 | AO34: =SUM('рабочая 2023 г'!BP464) -> 17276 | AP34: =SUM(S34+W34+Y34+Z34+AE34+AF34+AG34+AH34+AI34+AJ34) -> 150159.9
A35: 2.4.2 | B35: Көлік, байланыс, инженерлік коммуникациялар жерлері, оның ішінде: Земли транспорта, связи, инженерных коммуникаций, из них: (2.6.1+2.6.2+2.6.3+2.6.4+ 2.6.5+ 2.6.6) | C35: =SUM(C36:C41) -> 53 | D35: =SUM(Q35+AP35) -> 1358 | M35: =SUM(M36:M41) -> 159 | O35: =SUM(O36:O41) -> 158 | Q35: =SUM(E35+F35+I35+J35+M35) -> 159 | W35: =SUM(W36:W41) -> 5 | AF35: =SUM(AF36:AF41) -> 768 | AG35: =SUM(AG36:AG41) -> 7 | AH35: =SUM(AH36:AH41) -> 188 | AJ35: =SUM(AK35+AM35+AN35+AO35) -> 231 | AO35: =SUM(AO36:AO41) -> 231 | AP35: =SUM(S35+W35+Y35+Z35+AE35+AF35+AG35+AH35+AI35+AJ35) -> 1199
A36: 2.4.2.1 | B36: Темір жол көлігі Железнодорожного транспорта | C36: =SUM('рабочая 2023 г'!Y496) -> 10 | D36: =SUM(Q36+AP36) -> 511 | M36: =SUM('рабочая 2023 г'!AO496) -> 158 | O36: =SUM('рабочая 2023 г'!AQ496) -> 158 | Q36: =SUM(E36+F36+I36+J36+M36) -> 158 | AF36: =SUM('рабочая 2023 г'!BH496) -> 343 | AH36: =SUM('рабочая 2023 г'!BJ496) -> 5 | AJ36: =SUM(AK36+AM36+AN36+AO36) -> 5 | AO36: =SUM('рабочая 2023 г'!BP496) -> 5 | AP36: =SUM(S36+W36+Y36+Z36+AE36+AF36+AG36+AH36+AI36+AJ36) -> 353
A37: 2.4.2.2 | B37: Автомобиль көлігі Автомобильного транспорта | C37: =SUM('рабочая 2023 г'!Y512) -> 6 | D37: =SUM(Q37+AP37) -> 547 | W37: =SUM('рабочая 2023 г'!AY512) -> 5 | AF37: =SUM('рабочая 2023 г'!BH512) -> 351 | AG37: =SUM('рабочая 2023 г'!BI512) -> 7 | AH37: =SUM('рабочая 2023 г'!BJ512) -> 30 | AJ37: =SUM(AK37+AM37+AN37+AO37) -> 154 | AO37: =SUM('рабочая 2023 г'!BP512) -> 154 | AP37: =SUM(S37+W37+Y37+Z37+AE37+AF37+AG37+AH37+AI37+AJ37) -> 547
A38: 2.4.2.3 | B38: Теңіз және ішкі су көлігі Морского и внутреннего водного транспорта | D38: =SUM(Q38+AP38) -> 0 | AJ38: =SUM(AK38+AM38+AN38+AO38) -> 0
A39: 2.4.2.4 | B39: Әуе көлігі Воздушного транспорта | D39: =SUM(Q39+AP39) -> 0 | AJ39: =SUM(AK39+AM39+AN39+AO39) -> 0
A40: 2.4.2.5 | B40: Байланыс және энергетика жері Земли связи и энергетики | C40: =SUM('рабочая 2023 г'!Y530) -> 33 | D40: =SUM(Q40+AP40) -> 216 | M40: =SUM('рабочая 2023 г'!AO530) -> 1 | Q40: =SUM(E40+F40+I40+J40+M40) -> 1 | AF40: =SUM('рабочая 2023 г'!BH530) -> 0 | AH40: =SUM('рабочая 2023 г'!BJ530) -> 148 | AJ40: =SUM(AK40+AM40+AN40+AO40) -> 67 | AO40: =SUM('рабочая 2023 г'!BP530) -> 67 | AP40: =SUM(S40+W40+Y40+Z40+AE40+AF40+AG40+AH40+AI40+AJ40) -> 215
A41: 2.4.2.6 | B41: Өзге де көлік Иного транспорта | C41: =SUM('рабочая 2023 г'!Y546) -> 4 | D41: =SUM(Q41+AP41) -> 84 | M41: =SUM('рабочая 2023 г'!AO546) -> 0 | AF41: =SUM('рабочая 2023 г'!BH546) -> 74 | AH41: =SUM('рабочая 2023 г'!BJ546) -> 5 | AJ41: =SUM(AK41+AM41+AN41+AO41) -> 5 | AO41: =SUM('рабочая 2023 г'!BP546) -> 5 | AP41: =SUM(S41+W41+Y41+Z41+AE41+AF41+AG41+AH41+AI41+AJ41) -> 84
A42: 2.4.3 | B42: Ауыл шаруашылығына пайдаланылатын жерлер Земли сельскохозяйственного использования (2.4.3.1+2.4.3.2+2.4.3.4+2.4.3.5+2.4.3.6+2.4.37) | C42: =SUM(C43:C49) -> 147647 | D42: =SUM(Q42+AP42) -> 47884 | E42: =SUM(E43:E49) -> 21249 | F42: =SUM(F43:F49) -> 1227 | G42: =SUM(G43:G49) -> 1129 | H42: =SUM(H43:H49) -> 44 | I42: =SUM(I43:I49) -> 253 | J42: =SUM(J43:J49) -> 14 | M42: =SUM(M43:M49) -> 19343 | N42: =SUM(N43:N49) -> 5868 | O42: =SUM(O43:O49) -> 5543 | Q42: =SUM(E42+F42+I42+J42+M42) -> 42086 | W42: =SUM(W43:W49) -> 348 | X42: =SUM(X43:X49) -> 20 | Y42: =SUM(Y43:Y49) -> 278 | Z42: =SUM(Z43:Z49) -> 298 | AA42: =SUM(AA43:AA49) -> 57 | AB42: =SUM(AB43:AB49) -> 207 | AC42: =SUM(AC43:AC49) -> 148 | AD42: =SUM(AD43:AD49) -> 34 | AF42: =SUM(AF43:AF49) -> 649 | AG42: =SUM(AG43:AG49) -> 4 | AH42: =SUM(AH43:AH49) -> 3918 | AI42: =SUM(AI43:AI49) -> 6 | AJ42: =SUM(AK42+AM42+AN42+AO42) -> 297 | AO42: =SUM(AO43:AO49) -> 297 | AP42: =SUM(AP43:AP49) -> 5798
A43: 2.4.3.1 | B43: шаруа (фермер) қожалықтары крестьянскими (фермерскими) хозяйствами | C43: =SUM('рабочая 2023 г'!Y578) -> 36 | D43: =SUM(Q43+AP43) -> 18085 | E43: =SUM('рабочая 2023 г'!AG578) -> 4307 | F43: =SUM('рабочая 2023 г'!AH578) -> 4 | G43: =SUM('рабочая 2023 г'!AI578) -> 0 | H43: =SUM('рабочая 2023 г'!AJ578) -> 4 | J43: =SUM('рабочая 2023 г'!AL578) -> 14 | M43: =SUM('рабочая 2023 г'!AO578) -> 12797 | N43: =SUM('рабочая 2023 г'!AP578) -> 4405 | O43: =SUM('рабочая 2023 г'!AQ578) -> 3630 | Q43: =SUM(E43+F43+I43+J43+M43) -> 17122 | W43: =SUM('рабочая 2023 г'!AY578) -> 324 | X43: =SUM('рабочая 2023 г'!AZ578) -> 14 | Y43: =SUM('рабочая 2023 г'!BA578) -> 215 | Z43: =SUM(AA43+AB43+AD43) -> 204 | AA43: =SUM('рабочая 2023 г'!BC578) -> 51 | AB43: =SUM('рабочая 2023 г'!BD578) -> 127 | AC43: =SUM('рабочая 2023 г'!BE578) -> 78 | AD43: =SUM('рабочая 2023 г'!BF578) -> 26 | AF43: =SUM('рабочая 2023 г'!BH578) -> 104 | AG43: =SUM('рабочая 2023 г'!BI578) -> 4 | AH43: =SUM('рабочая 2023 г'!BJ578) -> 23 | AJ43: =SUM(AK43+AM43+AN43+AO43) -> 89 | AO43: =SUM('рабочая 2023 г'!BP578) -> 89 | AP43: =SUM(S43+W43+Y43+Z43+AE43+AF43+AG43+AH43+AI43+AJ43) -> 963
A44: 2.4.3.2 | B44: ауыл шаруашылығы өндірісімен айналысатын кәсіпорындармен предприятиями, занимающимися сельскохозяйственным производством | C44: =SUM('рабочая 2023 г'!Y594) -> 27 | D44: =SUM(Q44+AP44) -> 9820 | E44: =SUM('рабочая 2023 г'!AG594) -> 4949 | F44: =SUM('рабочая 2023 г'!AH594) -> 21 | G44: =SUM('рабочая 2023 г'!AI594) -> 21 | M44: =SUM('рабочая 2023 г'!AO594) -> 4605 | N44: =SUM('рабочая 2023 г'!AP594) -> 1161 | O44: =SUM('рабочая 2023 г'!AQ594) -> 1098 | Q44: =SUM(E44+F44+I44+J44+M44) -> 9575 | W44: =SUM('рабочая 2023 г'!AY594) -> 23 | X44: =SUM('рабочая 2023 г'!AZ594) -> 5 | Y44: =SUM('рабочая 2023 г'!BA594) -> 61 | Z44: =SUM(AA44+AB44+AD44) -> 72 | AA44: =SUM('рабочая 2023 г'!BC594) -> 2 | AB44: =SUM('рабочая 2023 г'!BD594) -> 70 | AC44: =SUM('рабочая 2023 г'!BE594) -> 70 | AF44: =SUM('рабочая 2023 г'!BH594) -> 40 | AH44: =SUM('рабочая 2023 г'!BJ594) -> 22 | AJ44: =SUM(AK44+AM44+AN44+AO44) -> 27 | AO44: =SUM('рабочая 2023 г'!BP594) -> 27 | AP44: =SUM(S44+W44+Y44+Z44+AE44+AF44+AG44+AH44+AI44+AJ44) -> 245
A45: 2.4.3.3 | B45: бағбандық және саяжай бірлестіктерімен, учаскелерімен садоводческими и дачными объединениями, участками | C45: =SUM('рабочая 2023 г'!Y610) -> 25332 | D45: =SUM(Q45+AP45) -> 1407 | E45: =SUM('рабочая 2023 г'!AG610) -> 0 | F45: =SUM('рабочая 2023 г'!AH610) -> 782 | G45: =SUM('рабочая 2023 г'!AI610) -> 752 | H45: =SUM('рабочая 2023 г'!AJ610) -> 30 | M45: =SUM('рабочая 2023 г'!AO610) -> 244 | Q45: =SUM(E45+F45+I45+J45+M45) -> 1026 | W45: =SUM('рабочая 2023 г'!AY610) -> 1 | X45: =SUM('рабочая 2023 г'!AZ610) -> 1 | Y45: =SUM('рабочая 2023 г'!BA610) -> 2 | Z45: =SUM(AA45+AB45+AD45) -> 8 | AD45: =SUM('рабочая 2023 г'!BF610) -> 8 | AF45: =SUM('рабочая 2023 г'!BH610) -> 300 | AJ45: =SUM(AK45+AM45+AN45+AO45) -> 70 | AO45: =SUM('рабочая 2023 г'!BP610) -> 70 | AP45: =SUM(S45+W45+Y45+Z45+AE45+AF45+AG45+AH45+AI45+AJ45) -> 381
A46: 2.4.3.4 | B46: жеке бақшалар индивидуальными огородниками | C46: =SUM('рабочая 2023 г'!Y614) -> 35 | D46: =SUM(Q46+AP46) -> 933 | E46: =SUM('рабочая 2023 г'!AG614) -> 242 | M46: =SUM('рабочая 2023 г'!AO614) -> 684 | N46: =SUM('рабочая 2023 г'!AP614) -> 51 | O46: =SUM('рабочая 2023 г'!AQ614) -> 583 | Q46: =SUM(E46+F46+I46+J46+M46) -> 926 | AF46: =SUM('рабочая 2023 г'!BH614) -> 4 | AH46: =SUM('рабочая 2023 г'!BJ614) -> 0 | AJ46: =SUM(AK46+AM46+AN46+AO46) -> 3 | AO46: =SUM('рабочая 2023 г'!BP614) -> 3 | AP46: =SUM(S46+W46+Y46+Z46+AE46+AF46+AG46+AH46+AI46+AJ46) -> 7
A47: 2.4.3.5 | B47: жеке қосалқы шаруашылықтармен личными подсобными хозяйствами | C47: =SUM('рабочая 2023 г'!Y630) -> 121794 | D47: =SUM(Q47+AP47) -> 16559 | E47: =SUM('рабочая 2023 г'!AG630) -> 11751 | F47: =SUM('рабочая 2023 г'!AH630) -> 420 | G47: =SUM('рабочая 2023 г'!AI630) -> 356 | H47: =SUM('рабочая 2023 г'!AJ630) -> 10 | I47: =SUM('рабочая 2023 г'!AK630) -> 253 | M47: =SUM('рабочая 2023 г'!AO630) -> 320 | N47: =SUM('рабочая 2023 г'!AP630) -> 0 | O47: =SUM('рабочая 2023 г'!AQ630) -> 48 | Q47: =SUM(E47+F47+I47+J47+M47) -> 12744 | Z47: =SUM(AA47+AB47+AD47) -> 10 | AB47: =SUM('рабочая 2023 г'!BD630) -> 10 | AF47: =SUM('рабочая 2023 г'!BH630) -> 199 | AH47: =SUM('рабочая 2023 г'!BJ630) -> 3511 | AI47: =SUM('рабочая 2023 г'!BK630) -> 6 | AJ47: =SUM(AK47+AM47+AN47+AO47) -> 89 | AO47: =SUM('рабочая 2023 г'!BP630) -> 89 | AP47: =SUM(S47+W47+Y47+Z47+AE47+AF47+AG47+AH47+AI47+AJ47) -> 3815
A48: 2.4.3.6 | B48: қызметтік жер телімі служебными наделами | Q48: =SUM(E48+F48+I48+J48+M48) -> 0 | AJ48: =SUM(AK48+AM48+AN48+AO48) -> 0 | AP48: =SUM(S48+W48+Y48+Z48+AE48+AF48+AG48+AH48+AI48+AJ48) -> 0
A49: 2.4.3.7 | B49: басқа мақсаттар үшін для других целей | C49: =SUM('рабочая 2023 г'!Y647) -> 423 | D49: =SUM(Q49+AP49) -> 1080 | J49: =SUM('рабочая 2023 г'!AL647) -> 0 | L49: =SUM('рабочая 2023 г'!AN647) -> 0 | M49: =SUM('рабочая 2023 г'!AO647) -> 693 | N49: =SUM('рабочая 2023 г'!AP647) -> 251 | O49: =SUM('рабочая 2023 г'!AQ647) -> 184 | Q49: =SUM(E49+F49+I49+J49+M49) -> 693 | Z49: =SUM(AA49+AB49+AD49) -> 4 | AA49: =SUM('рабочая 2023 г'!BC647) -> 4 | AF49: =SUM('рабочая 2023 г'!BH647) -> 2 | AH49: =SUM('рабочая 2023 г'!BJ647) -> 362 | AJ49: =SUM(AK49+AM49+AN49+AO49) -> 19 | AO49: =SUM('рабочая 2023 г'!BP647) -> 19 | AP49: =SUM(S49+W49+Y49+Z49+AE49+AF49+AG49+AH49+AI49+AJ49) -> 387
A50: 2.4.4 | B50: Ерекше қорғалатын табиғи аумақтар, сауықтыру, рекреациялық және тарихи-мәдени мақсаттағы жерлер, оның ішінде: Земли, занятые особо охраняемыми природными территориями, землями оздоровительного, рекреационного и историко-культурного назначения, в том числе: (2.8.1+2.8.2+2.8.3) | C50: =SUM(C51) -> 4 | D50: =SUM(Q50+AP50) -> 33 | AH50: =SUM(AH51) -> 33 | AP50: =SUM(S50+W50+Y50+Z50+AE50+AF50+AG50+AH50+AI50+AJ50) -> 33
A51: 2.4.4.1 | B51: ерекше қорғалатын табиғи аумақтардың жерлері земли особо охраняемых природных территорий | C51: 4 | D51: =SUM(Q51+AP51) -> 33 | AH51: =SUM('рабочая 2023 г'!BJ665) -> 33 | AP51: =SUM(S51+W51+Y51+Z51+AE51+AF51+AG51+AH51+AI51+AJ51) -> 33
A52: 2.4.4.2 | B52: сауықтыру мақсатындағы жерлер земли оздоровительного назначения
A53: 2.4.4.3 | B53: рекреациялық мақсаттағы жерлер, оның ішінде: земли ре креац ионного назначения, в том числе:
B54: қалалық ормандар городские леса
B55: тарихи-мәдени мақсаттағы жерлер земли историко-культурного назначения
A56: 2.4.5 | B56: орманшылықтар мен орман саябақтарының жерлері земли лесничеств и лесопарков | D56: =SUM(Q56+AP56) -> 4404 | E56: =SUM('рабочая 2023 г'!AG672) -> 229 | M56: =SUM('рабочая 2023 г'!AO672) -> 112 | O56: =SUM('рабочая 2023 г'!AQ672) -> 112 | Q56: =SUM(E56+F56+I56+J56+M56) -> 341 | S56: =SUM('рабочая 2023 г'!AU672) -> 3496 | T56: =SUM('рабочая 2023 г'!AV672) -> 3164 | U56: =SUM('рабочая 2023 г'!AW672) -> 320 | V56: =SUM('рабочая 2023 г'!AX672) -> 12 | Y56: =SUM('рабочая 2023 г'!BA672) -> 176 | Z56: =SUM(AA56+AB56+AD56) -> 38 | AB56: =SUM('рабочая 2023 г'!BD672) -> 38 | AC56: =SUM('рабочая 2023 г'!BE672) -> 38 | AF56: =SUM('рабочая 2023 г'!BH672) -> 15 | AH56: =SUM('рабочая 2023 г'!BJ672) -> 110 | AJ56: =SUM(AK56+AM56+AN56+AO56) -> 228 | AO56: =SUM('рабочая 2023 г'!BP672) -> 228 | AP56: =SUM(S56+W56+Y56+Z56+AE56+AF56+AG56+AH56+AI56+AJ56) -> 4063
A57: 2.4.6 | B57: су объектілері астындағы жерлер земли под водными объектами
A58: 2.4.7 | B58: әскери және өзге де режимдік объектілер астындағы жер земли под военными и иными режимными объектами | C58: =SUM('рабочая 2023 г'!Y676) -> 12 | D58: =SUM(Q58+AP58) -> 63 | AF58: =SUM('рабочая 2023 г'!BH676) -> 2 | AH58: =SUM('рабочая 2023 г'!BJ676) -> 61 | AP58: =SUM(S58+W58+Y58+Z58+AE58+AF58+AG58+AH58+AI58+AJ58) -> 63
A59: 2.4.8 | B59: өзге арнайы мақсаттағы объектілер астындағы жер земли под объектами иного специального назначения | C59: =SUM('рабочая 2023 г'!Y679) -> 144 | D59: =SUM(Q59+AP59) -> 206 | AH59: =SUM('рабочая 2023 г'!BJ679) -> 96 | AI59: =SUM('рабочая 2023 г'!BK679) -> 14 | AJ59: =SUM(AK59+AM59+AN59+AO59) -> 96 | AM59: =SUM('рабочая 2023 г'!BN679) -> 6 | AO59: =SUM('рабочая 2023 г'!BP679) -> 90 | AP59: =SUM(S59+W59+Y59+Z59+AE59+AF59+AG59+AH59+AI59+AJ59) -> 206
A60: 2.4.9 | B60: қала құрылысы немесе өзге де қызметке тартылмаған жерлер (резервтік жерлер) земли, не вовлеченные в градостроительную или иную деятельность (резервные) | D60: =SUM(Q60+AP60) -> 118702 | E60: =SUM('рабочая 2023 г'!AG695) -> 1209 | F60: =SUM('рабочая 2023 г'!AH695) -> 1554 | G60: =SUM('рабочая 2023 г'!AI695) -> 1551 | H60: =SUM('рабочая 2023 г'!AJ695) -> 3 | I60: =SUM('рабочая 2023 г'!AK695) -> 1183 | J60: =SUM('рабочая 2023 г'!AL695) -> 36 | M60: =SUM('рабочая 2023 г'!AO695) -> 97377 | N60: =SUM('рабочая 2023 г'!AP695) -> 25183 | O60: =SUM('рабочая 2023 г'!AQ695) -> 72380 | Q60: =SUM(E60+F60+I60+J60+M60) -> 101359 | S60: =SUM('рабочая 2023 г'!AU695) -> 27 | U60: =SUM('рабочая 2023 г'!AW695) -> 27 | W60: =SUM('рабочая 2023 г'!AY695) -> 386 | X60: =SUM('рабочая 2023 г'!AZ695) -> 257 | Y60: =SUM('рабочая 2023 г'!BA695) -> 675 | Z60: =SUM(AA60+AB60+AD60) -> 3023 | AA60: =SUM('рабочая 2023 г'!BC695) -> 382 | AB60: =SUM('рабочая 2023 г'!BD695) -> 1690 | AC60: =SUM('рабочая 2023 г'!BE695) -> 508 | AD60: =SUM('рабочая 2023 г'!BF695) -> 951 | AF60: =SUM('рабочая 2023 г'!BH695) -> 963 | AG60: =SUM('рабочая 2023 г'!BI695) -> 119 | AH60: =SUM('рабочая 2023 г'!BJ695) -> 9982 | AI60: =SUM('рабочая 2023 г'!BK695) -> 336 | AJ60: =SUM(AK60+AM60+AN60+AO60) -> 1832 | AO60: =SUM('рабочая 2023 г'!BP695) -> 1832 | AP60: =SUM(S60+W60+Y60+Z60+AE60+AF60+AG60+AH60+AI60+AJ60) -> 17343
A61: 2.5 | B61: қала маңы аймағының жерлері земли пригородной зоны
A62: 3 | B62: Барлығы өнеркәсiп, көлiк, қорғаныс және ауыл шаруашылығына арналмаған жерлер, оның ішінде Всего земель промышленности,связи, обороны и иного несельскохозяйственного назначения, в том числе (бағ./стр. 3.1+3.2+3.3+3.4+3.5+3.6): | C62: =SUM(C63,C64,C70:C74) -> 470 | D62: =SUM(Q62+AP62) -> 66770 | E62: =SUM(E63,E64,E70:E74) -> 4214 | F62: =SUM(F63,F64,F70:F74) -> 10 | G62: =SUM(G63,G64,G70:G74) -> 4 | I62: =SUM(I63,I64,I70:I74) -> 2239 | M62: =SUM(M63,M64,M70:M74) -> 17840 | N62: =SUM(N63,N64,N70:N74) -> 1327 | O62: =SUM(O63,O64,O70:O74) -> 7155 | Q62: =SUM(E62+F62+I62+J62+M62) -> 24303 | S62: =SUM(S63,S64,S70:S74) -> 527 | T62: =SUM(T63,T64,T70:T74) -> 527 | W62: =SUM(W63,W64,W70:W74) -> 5021 | X62: =SUM(X63,X64,X70:X74) -> 3830 | Y62: =SUM(Y63,Y64,Y70:Y74) -> 330 | Z62: =SUM(AA62+AB62+AD62) -> 2328 | AA62: =SUM(AA63,AA64,AA70:AA74) -> 38 | AB62: =SUM(AB63,AB64,AB70:AB74) -> 1992 | AC62: =SUM(AC63,AC64,AC70:AC74) -> 391 | AD62: =SUM(AD63,AD64,AD70:AD74) -> 298 | AE62: =SUM(AE63,AE64,AE70:AE74) -> 4 | AF62: =SUM(AF63,AF64,AF70:AF74) -> 24401 | AG62: =SUM(AG63,AG64,AG70:AG74) -> 51 | AH62: =SUM(AH63,AH64,AH70:AH74) -> 4472 | AI62: =SUM(AI63,AI64,AI70:AI74) -> 440 | AJ62: =SUM(AK62+AM62+AN62+AO62) -> 4893 | AK62: =SUM(AK63,AK64,AK70:AK74) -> 16 | AM62: =SUM(AM63,AM64,AM70:AM74) -> 7 | AO62: =SUM(AO63,AO64,AO70:AO74) -> 4870 | AP62: =SUM(S62+W62+Y62+Z62+AE62+AF62+AG62+AH62+AI62+AJ62) -> 42467
A63: 3.1 | B63: Өнеркәсіп жерлері Земли промышленности | C63: =SUM('рабочая 2023 г'!Y729) -> 270 | D63: =SUM(Q63+AP63) -> 15988 | E63: =SUM('рабочая 2023 г'!AG729) -> 280 | F63: =SUM('рабочая 2023 г'!AH729) -> 6 | I63: =SUM('рабочая 2023 г'!AK729) -> 469 | M63: =SUM('рабочая 2023 г'!AO729) -> 11597 | N63: =SUM('рабочая 2023 г'!AP729) -> 706 | O63: =SUM('рабочая 2023 г'!AQ729) -> 5191 | Q63: =SUM(E63+F63+I63+J63+M63) -> 12352 | S63: =SUM('рабочая 2023 г'!AU729) -> 31 | T63: =SUM('рабочая 2023 г'!AV729) -> 31 | W63: =SUM('рабочая 2023 г'!AY729) -> 142 | Y63: =SUM('рабочая 2023 г'!BA729) -> 7 | Z63: =SUM(AA63+AB63+AD63) -> 824 | AB63: =SUM('рабочая 2023 г'!BD729) -> 823 | AC63: =SUM('рабочая 2023 г'!BE729) -> 0 | AD63: =SUM('рабочая 2023 г'!BF729) -> 1 | AF63: =SUM('рабочая 2023 г'!BH729) -> 111 | AG63: =SUM('рабочая 2023 г'!BI729) -> 4 | AH63: =SUM('рабочая 2023 г'!BJ729) -> 1517 | AI63: =SUM('рабочая 2023 г'!BK729) -> 137 | AJ63: =SUM(AK63+AM63+AN63+AO63) -> 863 | AM63: =SUM('рабочая 2023 г'!BN729) -> 4 | AO63: =SUM('рабочая 2023 г'!BP729) -> 859 | AP63: =SUM(S63+W63+Y63+Z63+AE63+AF63+AG63+AH63+AI63+AJ63) -> 3636
A64: 3.2 | B64: Транспорт жерлері, оның ішінде Земли транспорта, в том числе (бағ./стр.3.2.1+3.2.2+3.2.3+3.2.4+3.2.5): | C64: =SUM(C65:C69) -> 106 | D64: =SUM(Q64+AP64) -> 40056 | E64: =SUM(E65:E69) -> 97 | F64: =SUM(F65:F69) -> 1 | G64: =SUM(G65:G69) -> 1 | I64: =SUM(I65:I69) -> 143 | M64: =SUM(M65:M69) -> 3648 | N64: =SUM(N65:N69) -> 45 | O64: =SUM(O65:O69) -> 1337 | Q64: =SUM(E64+F64+I64+J64+M64) -> 3889 | S64: =SUM(S65:S69) -> 486 | T64: =SUM(T65:T69) -> 486 | W64: =SUM(W65:W69) -> 4790 | X64: =SUM(X65:X69) -> 3790 | Y64: =SUM(Y65:Y69) -> 144 | Z64: =SUM(AA64+AB64+AD64) -> 1438 | AA64: =SUM(AA65:AA69) -> 15 | AB64: =SUM(AB65:AB69) -> 1138 | AC64: =SUM(AC65:AC69) -> 363 | AD64: =SUM(AD65:AD69) -> 285 | AE64: =SUM(AE65:AE69) -> 4 | AF64: =SUM(AF65:AF69) -> 23924 | AH64: =SUM(AH65:AH69) -> 2280 | AI64: =SUM(AI65:AI69) -> 225 | AJ64: =SUM(AK64+AM64+AN64+AO64) -> 2876 | AK64: =SUM(AK65:AK69) -> 16 | AM64: =SUM(AM65:AM69) -> 3 | AO64: =SUM(AO65:AO69) -> 2857 | AP64: =SUM(S64+W64+Y64+Z64+AE64+AF64+AG64+AH64+AI64+AJ64) -> 36167
A65: 3.2.1 | B65: темір жол көлігінің жерлері земли железнодорожного транспорта | C65: =SUM('рабочая 2023 г'!Y761) -> 37 | D65: =SUM(Q65+AP65) -> 9895 | E65: =SUM('рабочая 2023 г'!AG761) -> 13 | I65: =SUM('рабочая 2023 г'!AK761) -> 62 | M65: =SUM('рабочая 2023 г'!AO761) -> 2196 | N65: =SUM('рабочая 2023 г'!AP761) -> 37 | O65: =SUM('рабочая 2023 г'!AQ761) -> 749 | Q65: =SUM(E65+F65+I65+J65+M65) -> 2271 | S65: =SUM('рабочая 2023 г'!AU761) -> 486 | T65: =SUM('рабочая 2023 г'!AV761) -> 486 | W65: =SUM('рабочая 2023 г'!AY761) -> 1915 | X65: =SUM('рабочая 2023 г'!AZ761) -> 1667 | Y65: =SUM('рабочая 2023 г'!BA761) -> 27 | Z65: =SUM(AA65+AB65+AD65) -> 16 | AA65: =SUM('рабочая 2023 г'!BC761) -> 6 | AB65: =SUM('рабочая 2023 г'!BD761) -> 8 | AC65: =SUM('рабочая 2023 г'!BE761) -> 5 | AD65: =SUM('рабочая 2023 г'!BF761) -> 2 | AF65: =SUM('рабочая 2023 г'!BH761) -> 3529 | AH65: =SUM('рабочая 2023 г'!BJ761) -> 629 | AI65: =SUM('рабочая 2023 г'!BK761) -> 16 | AJ65: =SUM(AK65+AM65+AN65+AO65) -> 1006 | AO65: =SUM('рабочая 2023 г'!BP761) -> 1006 | AP65: =SUM(S65+W65+Y65+Z65+AE65+AF65+AG65+AH65+AI65+AJ65) -> 7624
A66: 3.2.2 | B66: автомобиль көлігінің жерлері земли автомобильного транспорта | C66: =SUM('рабочая 2023 г'!Y777) -> 38 | D66: =SUM(Q66+AP66) -> 25909 | E66: =SUM('рабочая 2023 г'!AG777) -> 32 | I66: =SUM('рабочая 2023 г'!AK777) -> 51 | M66: =SUM('рабочая 2023 г'!AO777) -> 802 | N66: =SUM('рабочая 2023 г'!AP777) -> 4 | O66: =SUM('рабочая 2023 г'!AQ777) -> 434 | Q66: =SUM(E66+F66+I66+J66+M66) -> 885 | W66: =SUM('рабочая 2023 г'!AY777) -> 2694 | X66: =SUM('рабочая 2023 г'!AZ777) -> 2123 | AF66: =SUM('рабочая 2023 г'!BH777) -> 20383 | AH66: =SUM('рабочая 2023 г'!BJ777) -> 1214 | AI66: =SUM('рабочая 2023 г'!BK777) -> 202 | AJ66: =SUM(AK66+AM66+AN66+AO66) -> 531 | AK66: =SUM('рабочая 2023 г'!BM777) -> 16 | AM66: =SUM('рабочая 2023 г'!BN777) -> 3 | AO66: =SUM('рабочая 2023 г'!BP777) -> 512 | AP66: =SUM(S66+W66+Y66+Z66+AE66+AF66+AG66+AH66+AI66+AJ66) -> 25024
A67: 3.2.3 | B67: теңіз және ішкі су көлігінің жері земли морского и внутреннего водного транспорта
A68: 3.2.4 | B68: әуе көлігінің жері земли воздушного транспорта
A69: 3.2.5 | B69: құбыр көлігінің жерлері земли трубопроводного транспорта | C69: =SUM('рабочая 2023 г'!Y795) -> 31 | D69: =SUM(Q69+AP69) -> 4252 | E69: =SUM('рабочая 2023 г'!AG795) -> 52 | F69: =SUM('рабочая 2023 г'!AH795) -> 1 | G69: =SUM('рабочая 2023 г'!AI795) -> 1 | I69: =SUM('рабочая 2023 г'!AK795) -> 30 | M69: =SUM('рабочая 2023 г'!AO795) -> 650 | N69: =SUM('рабочая 2023 г'!AP795) -> 4 | O69: =SUM('рабочая 2023 г'!AQ795) -> 154 | Q69: =SUM(E69+F69+I69+J69+M69) -> 733 | W69: =SUM('рабочая 2023 г'!AY795) -> 181 | Y69: =SUM('рабочая 2023 г'!BA795) -> 117 | Z69: =SUM(AA69+AB69+AD69) -> 1422 | AA69: =SUM('рабочая 2023 г'!BC795) -> 9 | AB69: =SUM('рабочая 2023 г'!BD795) -> 1130 | AC69: =SUM('рабочая 2023 г'!BE795) -> 358 | AD69: =SUM('рабочая 2023 г'!BF795) -> 283 | AE69: =SUM('рабочая 2023 г'!BG795) -> 4 | AF69: =SUM('рабочая 2023 г'!BH795) -> 12 | AH69: =SUM('рабочая 2023 г'!BJ795) -> 437 | AI69: =SUM('рабочая 2023 г'!BK795) -> 7 | AJ69: =SUM(AK69+AM69+AN69+AO69) -> 1339 | AO69: =SUM('рабочая 2023 г'!BP795) -> 1339 | AP69: =SUM(S69+W69+Y69+Z69+AE69+AF69+AG69+AH69+AI69+AJ69) -> 3519
A70: 3.3 | B70: Байланыс және энергетика жері Земли связи и энергетики | C70: =SUM('рабочая 2023 г'!Y811) -> 26 | D70: =SUM(Q70+AP70) -> 924 | E70: =SUM('рабочая 2023 г'!AG811) -> 157 | M70: =SUM('рабочая 2023 г'!AO811) -> 146 | O70: =SUM('рабочая 2023 г'!AQ811) -> 109 | Q70: =SUM(E70+F70+I70+J70+M70) -> 303 | W70: =SUM('рабочая 2023 г'!AY811) -> 1 | Y70: =SUM('рабочая 2023 г'!BA811) -> 169 | Z70: =SUM(AA70+AB70+AD70) -> 1 | AD70: =SUM('рабочая 2023 г'!BF811) -> 1 | AE70: =SUM('рабочая 2023 г'!BG811) -> 0 | AF70: =SUM('рабочая 2023 г'!BH811) -> 23 | AG70: =SUM('рабочая 2023 г'!BI811) -> 6 | AH70: =SUM('рабочая 2023 г'!BJ811) -> 63 | AI70: =SUM('рабочая 2023 г'!BK811) -> 1 | AJ70: =SUM(AK70+AM70+AN70+AO70) -> 357 | AO70: =SUM('рабочая 2023 г'!BP811) -> 357 | AP70: =SUM(S70+W70+Y70+Z70+AE70+AF70+AG70+AH70+AI70+AJ70) -> 621
A71: 3.4 | B71: Ғарыш қызметі мұқтажына арналған жер Земли для нужд космической деятельности | AJ71: =SUM(AK71+AM71+AN71+AO71) -> 0
A72: 3.5 | B72: Қорғаныс және ұлттық қауіпсіздік мұқтаждарына арналған жер Земли для нужд обороны и национальной безопасности | C72: =SUM('рабочая 2023 г'!Y828) -> 22 | D72: =SUM(Q72+AP72) -> 8353 | E72: =SUM('рабочая 2023 г'!AG828) -> 3606 | F72: =SUM('рабочая 2023 г'!AH828) -> 3 | G72: =SUM('рабочая 2023 г'!AI828) -> 3 | I72: =SUM('рабочая 2023 г'!AK828) -> 1627 | M72: =SUM('рабочая 2023 г'!AO828) -> 2361 | N72: =SUM('рабочая 2023 г'!AP828) -> 576 | O72: =SUM('рабочая 2023 г'!AQ828) -> 515 | Q72: =SUM(E72+F72+I72+J72+M72) -> 7597 | W72: =SUM('рабочая 2023 г'!AY828) -> 86 | X72: =SUM('рабочая 2023 г'!AZ828) -> 40 | Y72: =SUM('рабочая 2023 г'!BA828) -> 10 | Z72: =SUM(AA72+AB72+AD72) -> 54 | AA72: =SUM('рабочая 2023 г'!BC828) -> 23 | AB72: =SUM('рабочая 2023 г'!BD828) -> 31 | AC72: =SUM('рабочая 2023 г'!BE828) -> 28 | AF72: =SUM('рабочая 2023 г'!BH828) -> 62 | AH72: =SUM('рабочая 2023 г'!BJ828) -> 72 | AJ72: =SUM(AK72+AM72+AN72+AO72) -> 472 | AO72: =SUM('рабочая 2023 г'!BP828) -> 472 | AP72: =SUM(S72+W72+Y72+Z72+AE72+AF72+AG72+AH72+AI72+AJ72) -> 756
A73: 3.6 | B73: Жерді ерекше шарттармен пайдалану аймақтары Зоны с особыми условиями пользования землей | AJ73: =SUM(AK73+AM73+AN73+AO73) -> 0
A74: 3.7 | B74: Иного не с/х назначения | C74: =SUM('рабочая 2023 г'!Y845) -> 46 | D74: =SUM(Q74+AP74) -> 1449 | E74: =SUM('рабочая 2023 г'!AG845) -> 74 | M74: =SUM('рабочая 2023 г'!AO845) -> 88 | O74: =SUM('рабочая 2023 г'!AQ845) -> 3 | Q74: =SUM(E74+F74+I74+J74+M74) -> 162 | S74: =SUM('рабочая 2023 г'!AU845) -> 10 | T74: =SUM('рабочая 2023 г'!AV845) -> 10 | W74: =SUM('рабочая 2023 г'!AY845) -> 2 | Z74: =SUM('рабочая 2023 г'!BB845) -> 11 | AD74: =SUM('рабочая 2023 г'!BF845) -> 11 | AF74: =SUM('рабочая 2023 г'!BH845) -> 281 | AG74: =SUM('рабочая 2023 г'!BI845) -> 41 | AH74: =SUM('рабочая 2023 г'!BJ845) -> 540 | AI74: =SUM('рабочая 2023 г'!BK845) -> 77 | AJ74: =SUM(AK74+AM74+AN74+AO74) -> 325 | AO74: =SUM('рабочая 2023 г'!BP845) -> 325 | AP74: =SUM(S74+W74+Y74+Z74+AE74+AF74+AG74+AH74+AI74+AJ74) -> 1287
A75: 4 | B75: Барлығы ерекше қорғалатын табиғи аумақтардың, сауықтыру мақсатындағы, рекреациялық және тарихи-мәдени мақсаттағы жерлер, оның ішінде: Всего земель особо охраняемых природных территорий, земли оздоровительного, рекреационного и историко-культурного назначения, в том числе: (бағ./стр.4.1+4.2+4.3+4.4): | C75: 64 | D75: =SUM(Q75+AP75) -> 134881 | E75: 225 | F75: 153 | G75: 153 | I75: 697 | J75: 4174 | M75: 4999 | O75: 595 | Q75: =SUM(E75+F75+I75+J75+M75) -> 10248 | S75: 109160 | T75: 98121 | U75: 10695 | V75: 344 | W75: 9 | Y75: 1769 | Z75: 12310 | AA75: 114 | AB75: 12171 | AC75: 78 | AD75: 25 | AF75: 584 | AH75: 107 | AI75: 24 | AJ75: 670 | AK75: 4 | AO75: 666 | AP75: =SUM(S75+W75+Y75+Z75+AE75+AF75+AG75+AH75+AI75+AJ75) -> 124633
A76: 4.1 | B76: Ерекше қорғалатын табиғи аумақтардың жерлері Земли особо охраняемых природных территорий | C76: =SUM('рабочая 2023 г'!Y877) -> 1 | D76: =SUM(Q76+AP76) -> 134511 | E76: =SUM('рабочая 2023 г'!AG878) -> 225 | F76: =SUM('рабочая 2023 г'!AH878) -> 153 | G76: =SUM('рабочая 2023 г'!AI878) -> 153 | H76: =SUM('рабочая 2023 г'!AJ878) -> 0 | I76: =SUM('рабочая 2023 г'!AK878) -> 697 | J76: =SUM('рабочая 2023 г'!AL878) -> 4163 | M76: =SUM('рабочая 2023 г'!AO878) -> 4877 | N76: =SUM('рабочая 2023 г'!AP878) -> 0 | O76: =SUM('рабочая 2023 г'!AQ878) -> 582 | Q76: =SUM(E76+F76+I76+J76+M76) -> 10115 | S76: =SUM('рабочая 2023 г'!AU878) -> 109131 | T76: =SUM('рабочая 2023 г'!AV878) -> 98094 | U76: =SUM('рабочая 2023 г'!AW878) -> 10693 | V76: =SUM('рабочая 2023 г'!AX878) -> 344 | Y76: =SUM('рабочая 2023 г'!BA878) -> 1769 | Z76: =SUM(AA76+AB76+AD76) -> 12215 | AA76: =SUM('рабочая 2023 г'!BC878) -> 101 | AB76: =SUM('рабочая 2023 г'!BD878) -> 12093 | AC76: =SUM('рабочая 2023 г'!BE878) -> 0 | AD76: =SUM('рабочая 2023 г'!BF878) -> 21 | AF76: =SUM('рабочая 2023 г'!BH878) -> 581 | AH76: =SUM('рабочая 2023 г'!BJ878) -> 25 | AI76: =SUM('рабочая 2023 г'!BK878) -> 24 | AJ76: =SUM(AK76+AM76+AN76+AO76) -> 651 | AO76: =SUM('рабочая 2023 г'!BP878) -> 651 | AP76: =SUM(S76+W76+Y76+Z76+AE76+AF76+AG76+AH76+AI76+AJ76) -> 124396
A77: 4.2 | B77: Сауықтыру мақсатындағы жерлер Земли оздоровительного назначения | C77: =SUM('рабочая 2023 г'!Y893) -> 63 | D77: =SUM(Q77+AP77) -> 370 | J77: =SUM('рабочая 2023 г'!AL893) -> 11 | M77: =SUM('рабочая 2023 г'!AO893) -> 122 | N77: =SUM('рабочая 2023 г'!AP893) -> 0 | O77: =SUM('рабочая 2023 г'!AQ893) -> 13 | Q77: =SUM('рабочая 2023 г'!AS893) -> 133 | S77: =SUM('рабочая 2023 г'!AU893) -> 29 | T77: =SUM('рабочая 2023 г'!AV893) -> 27 | U77: =SUM('рабочая 2023 г'!AW893) -> 2 | W77: =SUM('рабочая 2023 г'!AY893) -> 9 | Z77: =SUM(AA77+AB77+AD77) -> 95 | AA77: =SUM('рабочая 2023 г'!BC893) -> 13 | AB77: =SUM('рабочая 2023 г'!BD893) -> 78 | AC77: =SUM('рабочая 2023 г'!BE893) -> 78 | AD77: =SUM('рабочая 2023 г'!BF893) -> 4 | AF77: =SUM('рабочая 2023 г'!BH893) -> 3 | AH77: =SUM('рабочая 2023 г'!BJ893) -> 82 | AI77: =SUM('рабочая 2023 г'!BK893) -> 0 | AJ77: =SUM(AK77+AM77+AN77+AO77) -> 19 | AK77: =SUM('рабочая 2023 г'!BM893) -> 4 | AO77: =SUM('рабочая 2023 г'!BP893) -> 15 | AP77: =SUM(S77+W77+Y77+Z77+AE77+AF77+AG77+AH77+AI77+AJ77) -> 237
A78: 4.3 | B78: Рекреациялық мақсаттағы жерлер Земли рекреационного назначения
A79: 4.4 | B79: Тарихи-мәдени мақсаттағы жерлер Земли историко-культурного назначения
A80: 5 | B80: Орман қорының жерлері Земли лесного фонда (5.1) | C80: =SUM('рабочая 2023 г'!Y926) -> 12 | D80: =SUM(Q80+AP80) -> 545124 | E80: =SUM('рабочая 2023 г'!AG926) -> 6357 | I80: =SUM('рабочая 2023 г'!AK926) -> 1554 | J80: =SUM('рабочая 2023 г'!AL926) -> 328 | M80: =SUM('рабочая 2023 г'!AO926) -> 41697 | N80: =SUM('рабочая 2023 г'!AP926) -> 1892 | O80: =SUM('рабочая 2023 г'!AQ926) -> 24408 | Q80: =SUM(E80+F80+I80+J80+M80) -> 49936 | R80: =SUM('рабочая 2023 г'!AT926) -> 0 | S80: =SUM('рабочая 2023 г'!AU926) -> 490466 | T80: =SUM('рабочая 2023 г'!AV926) -> 412051 | U80: =SUM('рабочая 2023 г'!AW926) -> 75227 | V80: =SUM('рабочая 2023 г'!AX926) -> 3188 | Y80: =SUM('рабочая 2023 г'!BA926) -> 2625 | Z80: =SUM(AA80+AB80+AD80) -> 209 | AA80: =SUM('рабочая 2023 г'!BC926) -> 4 | AB80: =SUM('рабочая 2023 г'!BD926) -> 185 | AC80: =SUM('рабочая 2023 г'!BE926) -> 11 | AD80: =SUM('рабочая 2023 г'!BF926) -> 20 | AF80: =SUM('рабочая 2023 г'!BH926) -> 1306 | AG80: =SUM('рабочая 2023 г'!BI926) -> 77 | AH80: =SUM('рабочая 2023 г'!BJ926) -> 63 | AI80: =SUM('рабочая 2023 г'!BK926) -> 52 | AJ80: =SUM(AK80+AM80+AN80+AO80) -> 390 | AO80: =SUM('рабочая 2023 г'!BP926) -> 390 | AP80: =SUM(S80+W80+Y80+Z80+AE80+AF80+AG80+AH80+AI80+AJ80) -> 495188
A81: 5.1. | B81: Оның ішінде қорықтар, ұлттық табиғи парктер, дендрологиялық және зоологиялық парктер, ботаникалық бақтар В т.ч. заповедников,национальных природных парков, дендрологических и зоологических парков, ботанических садов
A82: 5.2. | B82: бұдан басқа, 01 жолда ескерілген уақытша пайдаланудағы кәсіпорындардың орман шаруашылығы жерлері кроме того земли лесхозпредприятий, находящихся во временном пользовании, учтенные в строке 01 | Q82: =SUM(E82+F82+I82+J82+M82) -> 0
